ordinal,cme_id,macro_kind,availability,macro_name,export_name,target,min_args,flags,arg_keys,protocol,status,test_status,min_version,known_differences,notes
0,CME_SCRIPTEND,SAME_NAME,internal-only,ScriptEnd,,,0,0,,,enum-only,parser-count,pinned-source,not externally callable,enum-only entry; retained for CME numbering
1,CME_LABEL,DIFF_NAME,internal-only,Label,,NoOperation,0,0,,,enum-only,parser-count,pinned-source,not externally callable,enum-only entry; retained for CME numbering
2,CME_SETVARIABLE,DIFF_NAME,external,SetVariable,SetVariable,SetVariableCmd,0,4,SS,PSS_RegularCommand,generated,compile-only,pinned-source,real SerialEM integration and per-command behavior pending,generated from MacroMasterList.h
3,CME_SETPERSISTENTVAR,SAME_FUNC,external,SetPersistentVar,SetPersistentVar,SetVariableCmd,0,4,SS,PSS_RegularCommand,generated,compile-only,pinned-source,real SerialEM integration and per-command behavior pending,generated from MacroMasterList.h
4,CME_GETVARIABLE,SAME_NAME,external,GetVariable,GetVariable,,1,4,S,PSS_RegularCommand,generated,compile-only,pinned-source,real SerialEM integration and per-command behavior pending,generated from MacroMasterList.h
5,CME_SETSTRINGVAR,SAME_NAME,internal-only,SetStringVar,,,0,4,,,enum-only,parser-count,pinned-source,not externally callable,enum-only entry; retained for CME numbering
6,CME_DOKEYBREAK,SAME_FUNC,internal-only,DoKeyBreak,,Break,0,0,,,enum-only,parser-count,pinned-source,not externally callable,enum-only entry; retained for CME numbering
7,CME_ZEROLOOPELSEIF,SAME_FUNC,internal-only,ZeroLoopElseIf,,If,0,0,,,enum-only,parser-count,pinned-source,not externally callable,enum-only entry; retained for CME numbering
8,CME_EXIT,SAME_FUNC,external,Exit,Exit,ScriptEnd,0,4,ds,PSS_RegularCommand,generated,compile-only,pinned-source,real SerialEM integration and per-command behavior pending,generated from MacroMasterList.h
9,CME_RETURN,SAME_FUNC,external,Return,Return,ScriptEnd,0,4,ssssss,PSS_RegularCommand,generated,compile-only,pinned-source,real SerialEM integration and per-command behavior pending,generated from MacroMasterList.h
10,CME_FUNCTION,SAME_FUNC,internal-only,Function,,ScriptEnd,1,4,,,enum-only,parser-count,pinned-source,not externally callable,enum-only entry; retained for CME numbering
11,CME_ENDFUNCTION,SAME_FUNC,internal-only,EndFunction,,ScriptEnd,0,4,,,enum-only,parser-count,pinned-source,not externally callable,enum-only entry; retained for CME numbering
12,CME_REPEAT,SAME_NAME,internal-only,Repeat,,,0,4,,,enum-only,parser-count,pinned-source,not externally callable,enum-only entry; retained for CME numbering
13,CME_MACRONAME,SAME_FUNC,internal-only,MacroName,,NoOperation,1,4,,,enum-only,parser-count,pinned-source,not externally callable,enum-only entry; retained for CME numbering
14,CME_LONGNAME,SAME_FUNC,internal-only,LongName,,NoOperation,1,4,,,enum-only,parser-count,pinned-source,not externally callable,enum-only entry; retained for CME numbering
15,CME_KEYBREAK,SAME_NAME,external,KeyBreak,KeyBreak,,0,4,s,PSS_RegularCommand,generated,compile-only,pinned-source,real SerialEM integration and per-command behavior pending,generated from MacroMasterList.h
16,CME_REQUIRE,SAME_FUNC,internal-only,Require,,NoOperation,1,4,,,enum-only,parser-count,pinned-source,not externally callable,enum-only entry; retained for CME numbering
17,CME_SCRIPTNAME,SAME_FUNC,internal-only,ScriptName,,NoOperation,1,4,,,enum-only,parser-count,pinned-source,not externally callable,enum-only entry; retained for CME numbering
18,CME_READONLYUNLESSADMIN,SAME_FUNC,internal-only,ReadOnlyUnlessAdmin,,NoOperation,0,4,,,enum-only,parser-count,pinned-source,not externally callable,enum-only entry; retained for CME numbering
19,CME_ENDLOOP,SAME_NAME,internal-only,EndLoop,,,0,4,,,enum-only,parser-count,pinned-source,not externally callable,enum-only entry; retained for CME numbering
20,CME_LOOP,SAME_NAME,internal-only,Loop,,,1,5,,,enum-only,parser-count,pinned-source,not externally callable,enum-only entry; retained for CME numbering
21,CME_DOLOOP,SAME_FUNC,internal-only,DoLoop,,Loop,3,5,,,enum-only,parser-count,pinned-source,not externally callable,enum-only entry; retained for CME numbering
22,CME_IF,SAME_NAME,internal-only,If,,,3,4,,,enum-only,parser-count,pinned-source,not externally callable,enum-only entry; retained for CME numbering
23,CME_ENDIF,SAME_NAME,internal-only,Endif,,,0,4,,,enum-only,parser-count,pinned-source,not externally callable,enum-only entry; retained for CME numbering
24,CME_ELSE,SAME_NAME,internal-only,Else,,,0,4,,,enum-only,parser-count,pinned-source,not externally callable,enum-only entry; retained for CME numbering
25,CME_ELSEIF,SAME_FUNC,internal-only,ElseIf,,Else,3,4,,,enum-only,parser-count,pinned-source,not externally callable,enum-only entry; retained for CME numbering
26,CME_BREAK,SAME_NAME,internal-only,Break,,,0,4,,,enum-only,parser-count,pinned-source,not externally callable,enum-only entry; retained for CME numbering
27,CME_CONTINUE,SAME_FUNC,internal-only,Continue,,Break,0,4,,,enum-only,parser-count,pinned-source,not externally callable,enum-only entry; retained for CME numbering
28,CME_TRY,SAME_NAME,internal-only,Try,,,0,4,,,enum-only,parser-count,pinned-source,not externally callable,enum-only entry; retained for CME numbering
29,CME_CATCH,SAME_NAME,internal-only,Catch,,,0,4,,,enum-only,parser-count,pinned-source,not externally callable,enum-only entry; retained for CME numbering
30,CME_ENDTRY,SAME_NAME,external,EndTry,EndTry,,0,4,,PSS_RegularCommand,generated,compile-only,pinned-source,real SerialEM integration and per-command behavior pending,generated from MacroMasterList.h
31,CME_THROW,SAME_NAME,internal-only,Throw,,,0,4,,,enum-only,parser-count,pinned-source,not externally callable,enum-only entry; retained for CME numbering
32,CME_SKIPTO,SAME_NAME,internal-only,SkipTo,,,1,4,,,enum-only,parser-count,pinned-source,not externally callable,enum-only entry; retained for CME numbering
33,CME_DOMACRO,SAME_NAME,internal-only,DoMacro,,,1,4,,,enum-only,parser-count,pinned-source,not externally callable,enum-only entry; retained for CME numbering
34,CME_CALL,SAME_FUNC,external,Call,Call,DoMacro,1,4,S,PSS_RegularCommand,generated,compile-only,pinned-source,real SerialEM integration and per-command behavior pending,generated from MacroMasterList.h
35,CME_CALLMACRO,SAME_FUNC,external,CallMacro,CallMacro,DoMacro,1,4,I,PSS_RegularCommand,generated,compile-only,pinned-source,real SerialEM integration and per-command behavior pending,generated from MacroMasterList.h
36,CME_CALLFUNCTION,SAME_FUNC,external,CallFunction,CallFunction,DoMacro,1,4,Ssddddddddddddddddd,PSS_RegularCommand,generated,compile-only,pinned-source,real SerialEM integration and per-command behavior pending,generated from MacroMasterList.h
37,CME_DOSCRIPT,SAME_FUNC,internal-only,DoScript,,DoMacro,1,4,,,enum-only,parser-count,pinned-source,not externally callable,enum-only entry; retained for CME numbering
38,CME_CALLSCRIPT,SAME_FUNC,external,CallScript,CallScript,DoMacro,1,4,I,PSS_RegularCommand,generated,compile-only,pinned-source,real SerialEM integration and per-command behavior pending,generated from MacroMasterList.h
39,CME_CALLSTRINGARRAY,SAME_FUNC,external,CallStringArray,CallStringArray,DoMacro,1,4,Si,PSS_RegularCommand,generated,compile-only,pinned-source,real SerialEM integration and per-command behavior pending,generated from MacroMasterList.h
40,CME_PARSEQUOTEDSTRINGS,SAME_NAME,internal-only,ParseQuotedStrings,,,0,4,,,enum-only,parser-count,pinned-source,not externally callable,enum-only entry; retained for CME numbering
41,CME_STRINGARRAYTOSCRIPT,SAME_NAME,external,StringArrayToScript,StringArrayToScript,,1,4,SI,PSS_RegularCommand,generated,compile-only,pinned-source,real SerialEM integration and per-command behavior pending,generated from MacroMasterList.h
42,CME_ONSTOPCALLFUNC,SAME_NAME,internal-only,OnStopCallFunc,,,1,4,,,enum-only,parser-count,pinned-source,not externally callable,enum-only entry; retained for CME numbering
43,CME_NOMESSAGEBOXONERROR,SAME_NAME,external,NoMessageBoxOnError,NoMessageBoxOnError,,0,4,i,PSS_RegularCommand,generated,compile-only,pinned-source,real SerialEM integration and per-command behavior pending,generated from MacroMasterList.h
44,CME_TEST,SAME_NAME,internal-only,Test,,,1,4,,,enum-only,parser-count,pinned-source,not externally callable,enum-only entry; retained for CME numbering
45,CME_APPENDTOARRAY,SAME_FUNC,internal-only,AppendToArray,,SetVariableCmd,2,4,,,enum-only,parser-count,pinned-source,not externally callable,enum-only entry; retained for CME numbering
46,CME_TRUNCATEARRAY,SAME_NAME,internal-only,TruncateArray,,,2,4,,,enum-only,parser-count,pinned-source,not externally callable,enum-only entry; retained for CME numbering
47,CME_ARRAYSTATISTICS,SAME_NAME,external,ArrayStatistics,ArrayStatistics,,1,4,S,PSS_RegularCommand,generated,compile-only,pinned-source,real SerialEM integration and per-command behavior pending,generated from MacroMasterList.h
48,CME_LINEARFITTOVARS,SAME_NAME,external,LinearFitToVars,LinearFitToVars,,2,4,SSs,PSS_RegularCommand,generated,compile-only,pinned-source,real SerialEM integration and per-command behavior pending,generated from MacroMasterList.h
49,CME_LISTVARS,SAME_NAME,external,ListVars,ListVars,,0,4,,PSS_RegularCommand,generated,compile-only,pinned-source,real SerialEM integration and per-command behavior pending,generated from MacroMasterList.h
50,CME_LISTPERSISTENTVARS,SAME_NAME,external,ListPersistentVars,ListPersistentVars,,0,4,,PSS_RegularCommand,generated,compile-only,pinned-source,real SerialEM integration and per-command behavior pending,generated from MacroMasterList.h
51,CME_CLEARPERSISTENTVARS,SAME_NAME,external,ClearPersistentVars,ClearPersistentVars,,0,4,,PSS_RegularCommand,generated,compile-only,pinned-source,real SerialEM integration and per-command behavior pending,generated from MacroMasterList.h
52,CME_MAKEVARPERSISTENT,SAME_NAME,external,MakeVarPersistent,MakeVarPersistent,,1,4,Si,PSS_RegularCommand,generated,compile-only,pinned-source,real SerialEM integration and per-command behavior pending,generated from MacroMasterList.h
53,CME_ISVARIABLEDEFINED,SAME_NAME,external,IsVariableDefined,IsVariableDefined,,1,4,S,PSS_RegularCommand,generated,compile-only,pinned-source,real SerialEM integration and per-command behavior pending,generated from MacroMasterList.h
54,CME_NEWARRAY,DIFF_NAME,internal-only,NewArray,,NewArrayCmd,3,4,,,enum-only,parser-count,pinned-source,not externally callable,enum-only entry; retained for CME numbering
55,CME_NEW2DARRAY,SAME_FUNC,internal-only,New2DArray,,NewArrayCmd,1,4,,,enum-only,parser-count,pinned-source,not externally callable,enum-only entry; retained for CME numbering
56,CME_LOCALVAR,SAME_NAME,internal-only,LocalVar,,,1,4,,,enum-only,parser-count,pinned-source,not externally callable,enum-only entry; retained for CME numbering
57,CME_LOCALLOOPINDEXES,SAME_NAME,internal-only,LocalLoopIndexes,,,0,4,,,enum-only,parser-count,pinned-source,not externally callable,enum-only entry; retained for CME numbering
58,CME_PLUGIN,SAME_NAME,internal-only,Plugin,,,2,0,,,enum-only,parser-count,pinned-source,not externally callable,enum-only entry; retained for CME numbering
59,CME_LISTPLUGINCALLS,SAME_NAME,external,ListPluginCalls,ListPluginCalls,,0,4,,PSS_RegularCommand,generated,compile-only,pinned-source,real SerialEM integration and per-command behavior pending,generated from MacroMasterList.h
60,CME_FLASHDISPLAY,SAME_NAME,external,FlashDisplay,FlashDisplay,,0,0,ids,PSS_RegularCommand,generated,compile-only,pinned-source,real SerialEM integration and per-command behavior pending,generated from MacroMasterList.h
61,CME_TILTUP,SAME_NAME,external,TiltUp,TiltUp,,0,0,idd,PSS_RegularCommand,generated,compile-only,pinned-source,real SerialEM integration and per-command behavior pending,generated from MacroMasterList.h
62,CME_U,SAME_FUNC,external,U,U,TiltUp,0,0,idd,PSS_RegularCommand,generated,compile-only,pinned-source,real SerialEM integration and per-command behavior pending,generated from MacroMasterList.h
63,CME_TILTDOWN,SAME_NAME,external,TiltDown,TiltDown,,0,0,idd,PSS_RegularCommand,generated,compile-only,pinned-source,real SerialEM integration and per-command behavior pending,generated from MacroMasterList.h
64,CME_D,SAME_FUNC,external,D,D,TiltDown,0,0,idd,PSS_RegularCommand,generated,compile-only,pinned-source,real SerialEM integration and per-command behavior pending,generated from MacroMasterList.h
65,CME_TILTTO,SAME_NAME,external,TiltTo,TiltTo,,1,1,Didd,PSS_RegularCommand,generated,compile-only,pinned-source,real SerialEM integration and per-command behavior pending,generated from MacroMasterList.h
66,CME_TILTBY,SAME_FUNC,external,TiltBy,TiltBy,TiltTo,1,1,Didd,PSS_RegularCommand,generated,compile-only,pinned-source,real SerialEM integration and per-command behavior pending,generated from MacroMasterList.h
67,CME_SETSTAGEBAXIS,SAME_NAME,external,SetStageBAxis,SetStageBAxis,,1,1,D,PSS_RegularCommand,generated,compile-only,pinned-source,real SerialEM integration and per-command behavior pending,generated from MacroMasterList.h
68,CME_OPENDECAMERACOVER,SAME_NAME,external,OpenDECameraCover,OpenDECameraCover,,0,0,,PSS_RegularCommand,generated,compile-only,pinned-source,real SerialEM integration and per-command behavior pending,generated from MacroMasterList.h
69,CME_VIEW,SAME_NAME,external,View,View,,0,0,,PSS_RegularCommand,generated,compile-only,pinned-source,real SerialEM integration and per-command behavior pending,generated from MacroMasterList.h
70,CME_V,SAME_FUNC,external,V,V,View,0,0,,PSS_RegularCommand,generated,compile-only,pinned-source,real SerialEM integration and per-command behavior pending,generated from MacroMasterList.h
71,CME_FOCUS,SAME_NAME,external,Focus,Focus,,0,0,,PSS_RegularCommand,generated,compile-only,pinned-source,real SerialEM integration and per-command behavior pending,generated from MacroMasterList.h
72,CME_F,SAME_FUNC,external,F,F,Focus,0,0,,PSS_RegularCommand,generated,compile-only,pinned-source,real SerialEM integration and per-command behavior pending,generated from MacroMasterList.h
73,CME_TRIAL,SAME_NAME,external,Trial,Trial,,0,0,,PSS_RegularCommand,generated,compile-only,pinned-source,real SerialEM integration and per-command behavior pending,generated from MacroMasterList.h
74,CME_T,SAME_FUNC,external,T,T,Trial,0,0,,PSS_RegularCommand,generated,compile-only,pinned-source,real SerialEM integration and per-command behavior pending,generated from MacroMasterList.h
75,CME_RECORD,SAME_NAME,external,Record,Record,,0,0,,PSS_RegularCommand,generated,compile-only,pinned-source,real SerialEM integration and per-command behavior pending,generated from MacroMasterList.h
76,CME_R,SAME_FUNC,external,R,R,Record,0,0,,PSS_RegularCommand,generated,compile-only,pinned-source,real SerialEM integration and per-command behavior pending,generated from MacroMasterList.h
77,CME_PREVIEW,SAME_NAME,external,Preview,Preview,,0,0,,PSS_RegularCommand,generated,compile-only,pinned-source,real SerialEM integration and per-command behavior pending,generated from MacroMasterList.h
78,CME_L,SAME_FUNC,external,L,L,Preview,0,0,,PSS_RegularCommand,generated,compile-only,pinned-source,real SerialEM integration and per-command behavior pending,generated from MacroMasterList.h
79,CME_SEARCH,SAME_NAME,external,Search,Search,,0,0,,PSS_RegularCommand,generated,compile-only,pinned-source,real SerialEM integration and per-command behavior pending,generated from MacroMasterList.h
80,CME_MONTAGE,SAME_NAME,external,Montage,Montage,,0,0,,PSS_RegularCommand,generated,compile-only,pinned-source,real SerialEM integration and per-command behavior pending,generated from MacroMasterList.h
81,CME_M,SAME_FUNC,external,M,M,Montage,0,0,,PSS_RegularCommand,generated,compile-only,pinned-source,real SerialEM integration and per-command behavior pending,generated from MacroMasterList.h
82,CME_PRECOOKMONTAGE,SAME_FUNC,external,PreCookMontage,PreCookMontage,Montage,1,1,Diid,PSS_RegularCommand,generated,compile-only,pinned-source,real SerialEM integration and per-command behavior pending,generated from MacroMasterList.h
83,CME_OPPOSITETRIAL,SAME_NAME,external,OppositeTrial,OppositeTrial,,0,0,,PSS_RegularCommand,generated,compile-only,pinned-source,real SerialEM integration and per-command behavior pending,generated from MacroMasterList.h
84,CME_OPPOSITEFOCUS,SAME_FUNC,external,OppositeFocus,OppositeFocus,OppositeTrial,0,0,,PSS_RegularCommand,generated,compile-only,pinned-source,real SerialEM integration and per-command behavior pending,generated from MacroMasterList.h
85,CME_OPPOSITEAUTOFOCUS,SAME_FUNC,external,OppositeAutoFocus,OppositeAutoFocus,OppositeTrial,0,0,i,PSS_RegularCommand,generated,compile-only,pinned-source,real SerialEM integration and per-command behavior pending,generated from MacroMasterList.h
86,CME_ACQUIRETOMATCHBUFFER,SAME_NAME,external,AcquireToMatchBuffer,AcquireToMatchBuffer,,1,0,S,PSS_RegularCommand,generated,compile-only,pinned-source,real SerialEM integration and per-command behavior pending,generated from MacroMasterList.h
87,CME_STEPFOCUSNEXTSHOT,SAME_NAME,external,StepFocusNextShot,StepFocusNextShot,,2,5,DDdd,PSS_RegularCommand,generated,compile-only,pinned-source,real SerialEM integration and per-command behavior pending,generated from MacroMasterList.h
88,CME_SMOOTHFOCUSNEXTSHOT,SAME_NAME,external,SmoothFocusNextShot,SmoothFocusNextShot,,2,5,DD,PSS_RegularCommand,generated,compile-only,pinned-source,real SerialEM integration and per-command behavior pending,generated from MacroMasterList.h
89,CME_DEFERSTACKINGNEXTSHOT,SAME_NAME,external,DeferStackingNextShot,DeferStackingNextShot,,0,4,,PSS_RegularCommand,generated,compile-only,pinned-source,real SerialEM integration and per-command behavior pending,generated from MacroMasterList.h
90,CME_EARLYRETURNNEXTSHOT,SAME_NAME,external,EarlyReturnNextShot,EarlyReturnNextShot,,1,5,Iii,PSS_RegularCommand,generated,compile-only,pinned-source,real SerialEM integration and per-command behavior pending,generated from MacroMasterList.h
91,CME_GETDEFERREDSUM,SAME_NAME,external,GetDeferredSum,GetDeferredSum,,0,0,,PSS_RegularCommand,generated,compile-only,pinned-source,real SerialEM integration and per-command behavior pending,generated from MacroMasterList.h
92,CME_FRAMETHRESHOLDNEXTSHOT,SAME_NAME,external,FrameThresholdNextShot,FrameThresholdNextShot,,1,5,Dddd,PSS_RegularCommand,generated,compile-only,pinned-source,real SerialEM integration and per-command behavior pending,generated from MacroMasterList.h
93,CME_QUEUEFRAMETILTSERIES,SAME_NAME,external,QueueFrameTiltSeries,QueueFrameTiltSeries,,3,4,DDIdddddd,PSS_RegularCommand,generated,compile-only,pinned-source,real SerialEM integration and per-command behavior pending,generated from MacroMasterList.h
94,CME_FRAMESERIESFROMVAR,SAME_FUNC,external,FrameSeriesFromVar,FrameSeriesFromVar,QueueFrameTiltSeries,2,4,SIdd,PSS_RegularCommand,generated,compile-only,pinned-source,real SerialEM integration and per-command behavior pending,generated from MacroMasterList.h
95,CME_SETFRAMESERIESPARAMS,SAME_NAME,external,SetFrameSeriesParams,SetFrameSeriesParams,,1,4,Idddii,PSS_RegularCommand,generated,compile-only,pinned-source,real SerialEM integration and per-command behavior pending,generated from MacroMasterList.h
96,CME_WRITEFRAMESERIESANGLES,SAME_NAME,external,WriteFrameSeriesAngles,WriteFrameSeriesAngles,,1,4,S,PSS_RegularCommand,generated,compile-only,pinned-source,real SerialEM integration and per-command behavior pending,generated from MacroMasterList.h
97,CME_REPORTFRAMETILTSUM,SAME_NAME,external,ReportFrameTiltSum,ReportFrameTiltSum,,0,0,,PSS_RegularCommand,generated,compile-only,pinned-source,real SerialEM integration and per-command behavior pending,generated from MacroMasterList.h
98,CME_MODIFYFRAMETSSHIFTS,SAME_NAME,external,ModifyFrameTSShifts,ModifyFrameTSShifts,,3,5,IDD,PSS_RegularCommand,generated,compile-only,pinned-source,real SerialEM integration and per-command behavior pending,generated from MacroMasterList.h
99,CME_REPLACEFRAMETSFOCUS,SAME_NAME,external,ReplaceFrameTSFocus,ReplaceFrameTSFocus,,1,4,S,PSS_RegularCommand,generated,compile-only,pinned-source,real SerialEM integration and per-command behavior pending,generated from MacroMasterList.h
100,CME_REPLACEFRAMETSSHIFTS,SAME_FUNC,external,ReplaceFrameTSShifts,ReplaceFrameTSShifts,ReplaceFrameTSFocus,2,4,SS,PSS_RegularCommand,generated,compile-only,pinned-source,real SerialEM integration and per-command behavior pending,generated from MacroMasterList.h
101,CME_RETRACTCAMERA,SAME_NAME,external,RetractCamera,RetractCamera,,0,0,,PSS_RegularCommand,generated,compile-only,pinned-source,real SerialEM integration and per-command behavior pending,generated from MacroMasterList.h
102,CME_RECORDANDTILTUP,SAME_NAME,external,RecordAndTiltUp,RecordAndTiltUp,,0,0,idd,PSS_RegularCommand,generated,compile-only,pinned-source,real SerialEM integration and per-command behavior pending,generated from MacroMasterList.h
103,CME_RECORDANDTILTDOWN,SAME_FUNC,external,RecordAndTiltDown,RecordAndTiltDown,RecordAndTiltUp,0,0,idd,PSS_RegularCommand,generated,compile-only,pinned-source,real SerialEM integration and per-command behavior pending,generated from MacroMasterList.h
104,CME_RECORDANDTILTTO,SAME_FUNC,external,RecordAndTiltTo,RecordAndTiltTo,RecordAndTiltUp,1,1,Ddidd,PSS_RegularCommand,generated,compile-only,pinned-source,real SerialEM integration and per-command behavior pending,generated from MacroMasterList.h
105,CME_AREPOSTACTIONSENABLED,SAME_NAME,external,ArePostActionsEnabled,ArePostActionsEnabled,,0,4,,PSS_RegularCommand,generated,compile-only,pinned-source,real SerialEM integration and per-command behavior pending,generated from MacroMasterList.h
106,CME_TILTDURINGRECORD,SAME_NAME,external,TiltDuringRecord,TiltDuringRecord,,2,1,DDd,PSS_RegularCommand,generated,compile-only,pinned-source,real SerialEM integration and per-command behavior pending,generated from MacroMasterList.h
107,CME_SETDOSEADJUSTMENTFACTOR,SAME_NAME,external,SetDoseAdjustmentFactor,SetDoseAdjustmentFactor,,1,0,D,PSS_RegularCommand,generated,compile-only,pinned-source,real SerialEM integration and per-command behavior pending,generated from MacroMasterList.h
108,CME_TESTNEXTMULTISHOT,SAME_NAME,external,TestNextMultiShot,TestNextMultiShot,,1,0,I,PSS_RegularCommand,generated,compile-only,pinned-source,real SerialEM integration and per-command behavior pending,generated from MacroMasterList.h
109,CME_MULTIPLERECORDS,SAME_NAME,external,MultipleRecords,MultipleRecords,,0,1,iiddiiiiiiid,PSS_RegularCommand,generated,compile-only,pinned-source,real SerialEM integration and per-command behavior pending,generated from MacroMasterList.h
110,CME_ROTATEMULTISHOTPATTERN,SAME_NAME,external,RotateMultiShotPattern,RotateMultiShotPattern,,1,4,Di,PSS_RegularCommand,generated,compile-only,pinned-source,real SerialEM integration and per-command behavior pending,generated from MacroMasterList.h
111,CME_AUTOALIGN,SAME_NAME,external,AutoAlign,AutoAlign,,0,0,,PSS_RegularCommand,generated,compile-only,pinned-source,real SerialEM integration and per-command behavior pending,generated from MacroMasterList.h
112,CME_A,SAME_FUNC,external,A,A,AutoAlign,0,0,,PSS_RegularCommand,generated,compile-only,pinned-source,real SerialEM integration and per-command behavior pending,generated from MacroMasterList.h
113,CME_ALIGNTO,SAME_FUNC,external,AlignTo,AlignTo,AutoAlign,1,0,Siiiidddi,PSS_RegularCommand,generated,compile-only,pinned-source,real SerialEM integration and per-command behavior pending,generated from MacroMasterList.h
114,CME_CONICALALIGNTO,SAME_FUNC,external,ConicalAlignTo,ConicalAlignTo,AutoAlign,2,0,SDi,PSS_RegularCommand,generated,compile-only,pinned-source,real SerialEM integration and per-command behavior pending,generated from MacroMasterList.h
115,CME_LIMITNEXTAUTOALIGN,SAME_NAME,external,LimitNextAutoAlign,LimitNextAutoAlign,,1,5,D,PSS_RegularCommand,generated,compile-only,pinned-source,real SerialEM integration and per-command behavior pending,generated from MacroMasterList.h
116,CME_ALIGNWITHROTATION,SAME_NAME,external,AlignWithRotation,AlignWithRotation,,3,0,SDD,PSS_RegularCommand,generated,compile-only,pinned-source,real SerialEM integration and per-command behavior pending,generated from MacroMasterList.h
117,CME_AUTOFOCUS,SAME_NAME,external,AutoFocus,AutoFocus,,0,0,ii,PSS_RegularCommand,generated,compile-only,pinned-source,real SerialEM integration and per-command behavior pending,generated from MacroMasterList.h
118,CME_G,SAME_FUNC,external,G,G,AutoFocus,0,0,ii,PSS_RegularCommand,generated,compile-only,pinned-source,real SerialEM integration and per-command behavior pending,generated from MacroMasterList.h
119,CME_BEAMTILTDIRECTION,SAME_NAME,external,BeamTiltDirection,BeamTiltDirection,,1,5,I,PSS_RegularCommand,generated,compile-only,pinned-source,real SerialEM integration and per-command behavior pending,generated from MacroMasterList.h
120,CME_FOCUSCHANGELIMITS,SAME_NAME,external,FocusChangeLimits,FocusChangeLimits,,2,5,DD,PSS_RegularCommand,generated,compile-only,pinned-source,real SerialEM integration and per-command behavior pending,generated from MacroMasterList.h
121,CME_ABSOLUTEFOCUSLIMITS,SAME_NAME,external,AbsoluteFocusLimits,AbsoluteFocusLimits,,2,5,DD,PSS_RegularCommand,generated,compile-only,pinned-source,real SerialEM integration and per-command behavior pending,generated from MacroMasterList.h
122,CME_CORRECTASTIGMATISM,SAME_NAME,external,CorrectAstigmatism,CorrectAstigmatism,,0,0,i,PSS_RegularCommand,generated,compile-only,pinned-source,real SerialEM integration and per-command behavior pending,generated from MacroMasterList.h
123,CME_CORRECTCOMA,SAME_NAME,external,CorrectComa,CorrectComa,,0,0,i,PSS_RegularCommand,generated,compile-only,pinned-source,real SerialEM integration and per-command behavior pending,generated from MacroMasterList.h
124,CME_ZEMLINTABLEAU,SAME_NAME,external,ZemlinTableau,ZemlinTableau,,1,1,Dii,PSS_RegularCommand,generated,compile-only,pinned-source,real SerialEM integration and per-command behavior pending,generated from MacroMasterList.h
125,CME_CBASTIGCOMA,SAME_NAME,external,CBAstigComa,CBAstigComa,,3,0,IIIii,PSS_RegularCommand,generated,compile-only,pinned-source,real SerialEM integration and per-command behavior pending,generated from MacroMasterList.h
126,CME_FIXASTIGMATISMBYCTF,SAME_NAME,external,FixAstigmatismByCTF,FixAstigmatismByCTF,,0,0,iii,PSS_RegularCommand,generated,compile-only,pinned-source,real SerialEM integration and per-command behavior pending,generated from MacroMasterList.h
127,CME_FIXCOMABYCTF,SAME_FUNC,external,FixComaByCTF,FixComaByCTF,FixAstigmatismByCTF,0,0,iiii,PSS_RegularCommand,generated,compile-only,pinned-source,real SerialEM integration and per-command behavior pending,generated from MacroMasterList.h
128,CME_REPORTSTIGMATORNEEDED,SAME_NAME,external,ReportStigmatorNeeded,ReportStigmatorNeeded,,0,0,,PSS_RegularCommand,generated,compile-only,pinned-source,real SerialEM integration and per-command behavior pending,generated from MacroMasterList.h
129,CME_REPORTCOMATILTNEEDED,SAME_NAME,external,ReportComaTiltNeeded,ReportComaTiltNeeded,,0,0,,PSS_RegularCommand,generated,compile-only,pinned-source,real SerialEM integration and per-command behavior pending,generated from MacroMasterList.h
130,CME_REPORTCOMAVSISMATRIX,SAME_NAME,external,ReportComaVsISmatrix,ReportComaVsISmatrix,,0,0,,PSS_RegularCommand,generated,compile-only,pinned-source,real SerialEM integration and per-command behavior pending,generated from MacroMasterList.h
131,CME_SAVE,SAME_NAME,external,Save,Save,,0,0,si,PSS_RegularCommand,generated,compile-only,pinned-source,real SerialEM integration and per-command behavior pending,generated from MacroMasterList.h
132,CME_S,SAME_FUNC,external,S,S,Save,0,0,si,PSS_RegularCommand,generated,compile-only,pinned-source,real SerialEM integration and per-command behavior pending,generated from MacroMasterList.h
133,CME_READFILE,SAME_NAME,external,ReadFile,ReadFile,,1,0,Is,PSS_RegularCommand,generated,compile-only,pinned-source,real SerialEM integration and per-command behavior pending,generated from MacroMasterList.h
134,CME_READOTHERFILE,SAME_NAME,external,ReadOtherFile,ReadOtherFile,,3,4,ISS,PSS_RegularCommand,generated,compile-only,pinned-source,real SerialEM integration and per-command behavior pending,generated from MacroMasterList.h
135,CME_RETRYREADOTHERFILE,SAME_NAME,external,RetryReadOtherFile,RetryReadOtherFile,,1,4,I,PSS_RegularCommand,generated,compile-only,pinned-source,real SerialEM integration and per-command behavior pending,generated from MacroMasterList.h
136,CME_SAVETOOTHERFILE,SAME_NAME,external,SaveToOtherFile,SaveToOtherFile,,4,4,SSSS,PSS_RegularCommand,generated,compile-only,pinned-source,real SerialEM integration and per-command behavior pending,generated from MacroMasterList.h
137,CME_SNAPSHOTTOFILE,SAME_FUNC,external,SnapshotToFile,SnapshotToFile,SaveToOtherFile,6,0,DDISSS,PSS_RegularCommand,generated,compile-only,pinned-source,real SerialEM integration and per-command behavior pending,generated from MacroMasterList.h
138,CME_OPENNEWFILE,SAME_NAME,external,OpenNewFile,OpenNewFile,,1,4,S,PSS_RegularCommand,generated,compile-only,pinned-source,real SerialEM integration and per-command behavior pending,generated from MacroMasterList.h
139,CME_OPENNEWMONTAGE,SAME_FUNC,external,OpenNewMontage,OpenNewMontage,OpenNewFile,3,4,IIS,PSS_RegularCommand,generated,compile-only,pinned-source,real SerialEM integration and per-command behavior pending,generated from MacroMasterList.h
140,CME_OPENFRAMESUMFILE,SAME_FUNC,external,OpenFrameSumFile,OpenFrameSumFile,OpenNewFile,1,4,S,PSS_RegularCommand,generated,compile-only,pinned-source,real SerialEM integration and per-command behavior pending,generated from MacroMasterList.h
141,CME_SETUPWAFFLEMONTAGE,SAME_NAME,external,SetupWaffleMontage,SetupWaffleMontage,,2,6,DS,PSS_RegularCommand,generated,compile-only,pinned-source,real SerialEM integration and per-command behavior pending,generated from MacroMasterList.h
142,CME_REPORTNUMMONTAGEPIECES,SAME_NAME,external,ReportNumMontagePieces,ReportNumMontagePieces,,0,4,,PSS_RegularCommand,generated,compile-only,pinned-source,real SerialEM integration and per-command behavior pending,generated from MacroMasterList.h
143,CME_ENTERNAMEOPENFILE,SAME_NAME,external,EnterNameOpenFile,EnterNameOpenFile,,0,4,s,PSS_RegularCommand,generated,compile-only,pinned-source,real SerialEM integration and per-command behavior pending,generated from MacroMasterList.h
144,CME_CHOOSERFORNEWFILE,SAME_NAME,external,ChooserForNewFile,ChooserForNewFile,,2,4,IS,PSS_RegularCommand,generated,compile-only,pinned-source,real SerialEM integration and per-command behavior pending,generated from MacroMasterList.h
145,CME_READTEXTFILE,SAME_NAME,external,ReadTextFile,ReadTextFile,,2,4,SS,PSS_RegularCommand,generated,compile-only,pinned-source,real SerialEM integration and per-command behavior pending,generated from MacroMasterList.h
146,CME_READ2DTEXTFILE,SAME_FUNC,external,Read2DTextFile,Read2DTextFile,ReadTextFile,2,4,SS,PSS_RegularCommand,generated,compile-only,pinned-source,real SerialEM integration and per-command behavior pending,generated from MacroMasterList.h
147,CME_READSTRINGSFROMFILE,SAME_FUNC,external,ReadStringsFromFile,ReadStringsFromFile,ReadTextFile,2,4,SS,PSS_RegularCommand,generated,compile-only,pinned-source,real SerialEM integration and per-command behavior pending,generated from MacroMasterList.h
148,CME_OPENTEXTFILE,SAME_NAME,external,OpenTextFile,OpenTextFile,,4,4,SSIS,PSS_RegularCommand,generated,compile-only,pinned-source,real SerialEM integration and per-command behavior pending,generated from MacroMasterList.h
149,CME_WRITELINETOFILE,SAME_NAME,external,WriteLineToFile,WriteLineToFile,,1,4,Ss,PSS_RegularCommand,generated,compile-only,pinned-source,real SerialEM integration and per-command behavior pending,generated from MacroMasterList.h
150,CME_READLINETOARRAY,SAME_NAME,external,ReadLineToArray,ReadLineToArray,,2,4,SS,PSS_RegularCommand,generated,compile-only,pinned-source,real SerialEM integration and per-command behavior pending,generated from MacroMasterList.h
151,CME_READLINETOSTRING,SAME_FUNC,external,ReadLineToString,ReadLineToString,ReadLineToArray,2,4,SS,PSS_RegularCommand,generated,compile-only,pinned-source,real SerialEM integration and per-command behavior pending,generated from MacroMasterList.h
152,CME_CLOSETEXTFILE,SAME_NAME,external,CloseTextFile,CloseTextFile,,1,4,S,PSS_RegularCommand,generated,compile-only,pinned-source,real SerialEM integration and per-command behavior pending,generated from MacroMasterList.h
153,CME_FLUSHTEXTFILE,SAME_NAME,external,FlushTextFile,FlushTextFile,,1,4,S,PSS_RegularCommand,generated,compile-only,pinned-source,real SerialEM integration and per-command behavior pending,generated from MacroMasterList.h
154,CME_ISTEXTFILEOPEN,SAME_NAME,external,IsTextFileOpen,IsTextFileOpen,,1,4,Ss,PSS_RegularCommand,generated,compile-only,pinned-source,real SerialEM integration and per-command behavior pending,generated from MacroMasterList.h
155,CME_USERSETDIRECTORY,SAME_NAME,external,UserSetDirectory,UserSetDirectory,,0,4,s,PSS_RegularCommand,generated,compile-only,pinned-source,real SerialEM integration and per-command behavior pending,generated from MacroMasterList.h
156,CME_OPENCHOOSERINCURRENTDIR,SAME_NAME,external,OpenChooserInCurrentDir,OpenChooserInCurrentDir,,0,0,,PSS_RegularCommand,generated,compile-only,pinned-source,real SerialEM integration and per-command behavior pending,generated from MacroMasterList.h
157,CME_SETNEWFILETYPE,SAME_NAME,external,SetNewFileType,SetNewFileType,,1,4,Ii,PSS_RegularCommand,generated,compile-only,pinned-source,real SerialEM integration and per-command behavior pending,generated from MacroMasterList.h
158,CME_OPENOLDFILE,SAME_NAME,external,OpenOldFile,OpenOldFile,,1,4,S,PSS_RegularCommand,generated,compile-only,pinned-source,real SerialEM integration and per-command behavior pending,generated from MacroMasterList.h
159,CME_USEROPENOLDFILE,SAME_NAME,external,UserOpenOldFile,UserOpenOldFile,,0,0,,PSS_RegularCommand,generated,compile-only,pinned-source,real SerialEM integration and per-command behavior pending,generated from MacroMasterList.h
160,CME_CLOSEFILE,SAME_NAME,external,CloseFile,CloseFile,,0,4,s,PSS_RegularCommand,generated,compile-only,pinned-source,real SerialEM integration and per-command behavior pending,generated from MacroMasterList.h
161,CME_REMOVEFILE,SAME_NAME,external,RemoveFile,RemoveFile,,1,4,S,PSS_RegularCommand,generated,compile-only,pinned-source,real SerialEM integration and per-command behavior pending,generated from MacroMasterList.h
162,CME_REPORTCURRENTFILENAME,SAME_NAME,external,ReportCurrentFilename,ReportCurrentFilename,,0,4,i,PSS_RegularCommand,generated,compile-only,pinned-source,real SerialEM integration and per-command behavior pending,generated from MacroMasterList.h
163,CME_REPORTLASTFRAMEFILE,SAME_FUNC,external,ReportLastFrameFile,ReportLastFrameFile,ReportCurrentFilename,0,4,,PSS_RegularCommand,generated,compile-only,pinned-source,real SerialEM integration and per-command behavior pending,generated from MacroMasterList.h
164,CME_REPORTNAVFILE,SAME_FUNC,external,ReportNavFile,ReportNavFile,ReportCurrentFilename,0,0,i,PSS_RegularCommand,generated,compile-only,pinned-source,real SerialEM integration and per-command behavior pending,generated from MacroMasterList.h
165,CME_REPORTFRAMEBASENAME,SAME_NAME,external,ReportFrameBaseName,ReportFrameBaseName,,0,0,,PSS_RegularCommand,generated,compile-only,pinned-source,real SerialEM integration and per-command behavior pending,generated from MacroMasterList.h
166,CME_GETFILEINWATCHEDDIR,SAME_NAME,external,GetFileInWatchedDir,GetFileInWatchedDir,,1,4,S,PSS_RegularCommand,generated,compile-only,pinned-source,real SerialEM integration and per-command behavior pending,generated from MacroMasterList.h
167,CME_RUNSCRIPTINWATCHEDDIR,SAME_FUNC,internal-only,RunScriptInWatchedDir,,GetFileInWatchedDir,1,4,,,enum-only,parser-count,pinned-source,not externally callable,enum-only entry; retained for CME numbering
168,CME_ALLOWFILEOVERWRITE,SAME_NAME,external,AllowFileOverwrite,AllowFileOverwrite,,1,4,I,PSS_RegularCommand,generated,compile-only,pinned-source,real SerialEM integration and per-command behavior pending,generated from MacroMasterList.h
169,CME_SETDIRECTORY,SAME_NAME,external,SetDirectory,SetDirectory,,1,6,S,PSS_RegularCommand,generated,compile-only,pinned-source,real SerialEM integration and per-command behavior pending,generated from MacroMasterList.h
170,CME_MAKEDIRECTORY,SAME_FUNC,external,MakeDirectory,MakeDirectory,SetDirectory,1,4,S,PSS_RegularCommand,generated,compile-only,pinned-source,real SerialEM integration and per-command behavior pending,generated from MacroMasterList.h
171,CME_REPORTDIRECTORY,SAME_NAME,external,ReportDirectory,ReportDirectory,,0,0,,PSS_RegularCommand,generated,compile-only,pinned-source,real SerialEM integration and per-command behavior pending,generated from MacroMasterList.h
172,CME_DOESFILEEXIST,SAME_NAME,external,DoesFileExist,DoesFileExist,,1,0,S,PSS_RegularCommand,generated,compile-only,pinned-source,real SerialEM integration and per-command behavior pending,generated from MacroMasterList.h
173,CME_MAKEDATETIMEDIR,SAME_NAME,external,MakeDateTimeDir,MakeDateTimeDir,,0,4,,PSS_RegularCommand,generated,compile-only,pinned-source,real SerialEM integration and per-command behavior pending,generated from MacroMasterList.h
174,CME_SWITCHTOFILE,SAME_NAME,external,SwitchToFile,SwitchToFile,,1,4,I,PSS_RegularCommand,generated,compile-only,pinned-source,real SerialEM integration and per-command behavior pending,generated from MacroMasterList.h
175,CME_REPORTFILENUMBER,SAME_NAME,external,ReportFileNumber,ReportFileNumber,,0,0,,PSS_RegularCommand,generated,compile-only,pinned-source,real SerialEM integration and per-command behavior pending,generated from MacroMasterList.h
176,CME_ADDTOAUTODOC,SAME_NAME,external,AddToAutodoc,AddToAutodoc,,2,4,SS,PSS_RegularCommand,generated,compile-only,pinned-source,real SerialEM integration and per-command behavior pending,generated from MacroMasterList.h
177,CME_WRITEAUTODOC,SAME_FUNC,external,WriteAutodoc,WriteAutodoc,AddToAutodoc,0,4,,PSS_RegularCommand,generated,compile-only,pinned-source,real SerialEM integration and per-command behavior pending,generated from MacroMasterList.h
178,CME_ADDTOFRAMEMDOC,SAME_NAME,external,AddToFrameMdoc,AddToFrameMdoc,,2,4,SS,PSS_RegularCommand,generated,compile-only,pinned-source,real SerialEM integration and per-command behavior pending,generated from MacroMasterList.h
179,CME_WRITEFRAMEMDOC,SAME_FUNC,external,WriteFrameMdoc,WriteFrameMdoc,AddToFrameMdoc,0,4,,PSS_RegularCommand,generated,compile-only,pinned-source,real SerialEM integration and per-command behavior pending,generated from MacroMasterList.h
180,CME_REPORTFRAMEMDOCOPEN,SAME_NAME,external,ReportFrameMdocOpen,ReportFrameMdocOpen,,0,4,,PSS_RegularCommand,generated,compile-only,pinned-source,real SerialEM integration and per-command behavior pending,generated from MacroMasterList.h
181,CME_DEFERWRITINGFRAMEMDOC,SAME_NAME,external,DeferWritingFrameMdoc,DeferWritingFrameMdoc,,0,4,,PSS_RegularCommand,generated,compile-only,pinned-source,real SerialEM integration and per-command behavior pending,generated from MacroMasterList.h
182,CME_OPENFRAMEMDOC,SAME_NAME,external,OpenFrameMdoc,OpenFrameMdoc,,1,4,S,PSS_RegularCommand,generated,compile-only,pinned-source,real SerialEM integration and per-command behavior pending,generated from MacroMasterList.h
183,CME_CLOSEFRAMEMDOC,SAME_NAME,external,CloseFrameMdoc,CloseFrameMdoc,,0,4,i,PSS_RegularCommand,generated,compile-only,pinned-source,real SerialEM integration and per-command behavior pending,generated from MacroMasterList.h
184,CME_ADDTONEXTFRAMESTACKMDOC,SAME_NAME,external,AddToNextFrameStackMdoc,AddToNextFrameStackMdoc,,2,4,SS,PSS_RegularCommand,generated,compile-only,pinned-source,real SerialEM integration and per-command behavior pending,generated from MacroMasterList.h
185,CME_STARTNEXTFRAMESTACKMDOC,SAME_FUNC,external,StartNextFrameStackMdoc,StartNextFrameStackMdoc,AddToNextFrameStackMdoc,2,4,SS,PSS_RegularCommand,generated,compile-only,pinned-source,real SerialEM integration and per-command behavior pending,generated from MacroMasterList.h
186,CME_ALIGNWHOLETSONLY,SAME_NAME,external,AlignWholeTSOnly,AlignWholeTSOnly,,0,4,i,PSS_RegularCommand,generated,compile-only,pinned-source,real SerialEM integration and per-command behavior pending,generated from MacroMasterList.h
187,CME_WRITECOMFORTSALIGN,SAME_NAME,external,WriteComForTSAlign,WriteComForTSAlign,,0,4,,PSS_RegularCommand,generated,compile-only,pinned-source,real SerialEM integration and per-command behavior pending,generated from MacroMasterList.h
188,CME_SAVELOGOPENNEW,SAME_NAME,external,SaveLogOpenNew,SaveLogOpenNew,,0,4,s,PSS_RegularCommand,generated,compile-only,pinned-source,real SerialEM integration and per-command behavior pending,generated from MacroMasterList.h
189,CME_CLOSELOGOPENNEW,SAME_FUNC,external,CloseLogOpenNew,CloseLogOpenNew,SaveLogOpenNew,0,4,i,PSS_RegularCommand,generated,compile-only,pinned-source,real SerialEM integration and per-command behavior pending,generated from MacroMasterList.h
190,CME_SAVELOG,SAME_NAME,external,SaveLog,SaveLog,,0,4,is,PSS_RegularCommand,generated,compile-only,pinned-source,real SerialEM integration and per-command behavior pending,generated from MacroMasterList.h
191,CME_DEFERLOGUPDATES,SAME_NAME,external,DeferLogUpdates,DeferLogUpdates,,0,4,i,PSS_RegularCommand,generated,compile-only,pinned-source,real SerialEM integration and per-command behavior pending,generated from MacroMasterList.h
192,CME_SAVECALIBRATIONS,SAME_NAME,external,SaveCalibrations,SaveCalibrations,,0,4,,PSS_RegularCommand,generated,compile-only,pinned-source,real SerialEM integration and per-command behavior pending,generated from MacroMasterList.h
193,CME_SETPROPERTY,SAME_NAME,external,SetProperty,SetProperty,,2,4,SI,PSS_RegularCommand,generated,compile-only,pinned-source,real SerialEM integration and per-command behavior pending,generated from MacroMasterList.h
194,CME_REPORTUSERSETTING,SAME_NAME,external,ReportUserSetting,ReportUserSetting,,1,0,S,PSS_RegularCommand,generated,compile-only,pinned-source,real SerialEM integration and per-command behavior pending,generated from MacroMasterList.h
195,CME_REPORTPROPERTY,SAME_FUNC,external,ReportProperty,ReportProperty,ReportUserSetting,1,0,S,PSS_RegularCommand,generated,compile-only,pinned-source,real SerialEM integration and per-command behavior pending,generated from MacroMasterList.h
196,CME_SETUSERSETTING,SAME_NAME,external,SetUserSetting,SetUserSetting,,2,4,SDi,PSS_RegularCommand,generated,compile-only,pinned-source,real SerialEM integration and per-command behavior pending,generated from MacroMasterList.h
197,CME_COPY,SAME_NAME,external,Copy,Copy,,2,0,SS,PSS_RegularCommand,generated,compile-only,pinned-source,real SerialEM integration and per-command behavior pending,generated from MacroMasterList.h
198,CME_SHOW,SAME_NAME,external,Show,Show,,1,0,S,PSS_RegularCommand,generated,compile-only,pinned-source,real SerialEM integration and per-command behavior pending,generated from MacroMasterList.h
199,CME_CHANGEFOCUS,SAME_NAME,external,ChangeFocus,ChangeFocus,,1,1,D,PSS_RegularCommand,generated,compile-only,pinned-source,real SerialEM integration and per-command behavior pending,generated from MacroMasterList.h
200,CME_SETDEFOCUS,SAME_NAME,external,SetDefocus,SetDefocus,,1,0,D,PSS_RegularCommand,generated,compile-only,pinned-source,real SerialEM integration and per-command behavior pending,generated from MacroMasterList.h
201,CME_SETSTANDARDFOCUS,SAME_NAME,external,SetStandardFocus,SetStandardFocus,,1,4,D,PSS_RegularCommand,generated,compile-only,pinned-source,real SerialEM integration and per-command behavior pending,generated from MacroMasterList.h
202,CME_SETABSOLUTEFOCUS,SAME_FUNC,external,SetAbsoluteFocus,SetAbsoluteFocus,SetStandardFocus,1,0,D,PSS_RegularCommand,generated,compile-only,pinned-source,real SerialEM integration and per-command behavior pending,generated from MacroMasterList.h
203,CME_SETEUCENTRICFOCUS,SAME_NAME,external,SetEucentricFocus,SetEucentricFocus,,0,4,d,PSS_RegularCommand,generated,compile-only,pinned-source,real SerialEM integration and per-command behavior pending,generated from MacroMasterList.h
204,CME_CALEUCENTRICFOCUS,SAME_NAME,external,CalEucentricFocus,CalEucentricFocus,,0,4,,PSS_RegularCommand,generated,compile-only,pinned-source,real SerialEM integration and per-command behavior pending,generated from MacroMasterList.h
205,CME_INCTARGETDEFOCUS,SAME_NAME,external,IncTargetDefocus,IncTargetDefocus,,1,5,D,PSS_RegularCommand,generated,compile-only,pinned-source,real SerialEM integration and per-command behavior pending,generated from MacroMasterList.h
206,CME_SETTARGETDEFOCUS,SAME_NAME,external,SetTargetDefocus,SetTargetDefocus,,1,4,D,PSS_RegularCommand,generated,compile-only,pinned-source,real SerialEM integration and per-command behavior pending,generated from MacroMasterList.h
207,CME_REPORTAUTOFOCUSOFFSET,SAME_NAME,external,ReportAutofocusOffset,ReportAutofocusOffset,,0,0,,PSS_RegularCommand,generated,compile-only,pinned-source,real SerialEM integration and per-command behavior pending,generated from MacroMasterList.h
208,CME_SETAUTOFOCUSOFFSET,SAME_NAME,external,SetAutofocusOffset,SetAutofocusOffset,,1,4,D,PSS_RegularCommand,generated,compile-only,pinned-source,real SerialEM integration and per-command behavior pending,generated from MacroMasterList.h
209,CME_SETOBJFOCUS,SAME_NAME,external,SetObjFocus,SetObjFocus,,1,0,D,PSS_RegularCommand,generated,compile-only,pinned-source,real SerialEM integration and per-command behavior pending,generated from MacroMasterList.h
210,CME_SETDIFFRACTIONFOCUS,SAME_NAME,external,SetDiffractionFocus,SetDiffractionFocus,,1,0,D,PSS_RegularCommand,generated,compile-only,pinned-source,real SerialEM integration and per-command behavior pending,generated from MacroMasterList.h
211,CME_RESETDEFOCUS,SAME_NAME,external,ResetDefocus,ResetDefocus,,0,0,,PSS_RegularCommand,generated,compile-only,pinned-source,real SerialEM integration and per-command behavior pending,generated from MacroMasterList.h
212,CME_SETMAG,SAME_NAME,external,SetMag,SetMag,,1,0,Di,PSS_RegularCommand,generated,compile-only,pinned-source,real SerialEM integration and per-command behavior pending,generated from MacroMasterList.h
213,CME_SETMAGINDEX,SAME_NAME,external,SetMagIndex,SetMagIndex,,1,0,I,PSS_RegularCommand,generated,compile-only,pinned-source,real SerialEM integration and per-command behavior pending,generated from MacroMasterList.h
214,CME_CHANGEMAG,SAME_NAME,external,ChangeMag,ChangeMag,,1,1,I,PSS_RegularCommand,generated,compile-only,pinned-source,real SerialEM integration and per-command behavior pending,generated from MacroMasterList.h
215,CME_INCMAGIFFOUNDPIXEL,SAME_FUNC,external,IncMagIfFoundPixel,IncMagIfFoundPixel,ChangeMag,1,0,I,PSS_RegularCommand,generated,compile-only,pinned-source,real SerialEM integration and per-command behavior pending,generated from MacroMasterList.h
216,CME_CHANGEMAGANDINTENSITY,SAME_NAME,external,ChangeMagAndIntensity,ChangeMagAndIntensity,,1,1,I,PSS_RegularCommand,generated,compile-only,pinned-source,real SerialEM integration and per-command behavior pending,generated from MacroMasterList.h
217,CME_SETMAGANDINTENSITY,SAME_FUNC,external,SetMagAndIntensity,SetMagAndIntensity,ChangeMagAndIntensity,1,0,D,PSS_RegularCommand,generated,compile-only,pinned-source,real SerialEM integration and per-command behavior pending,generated from MacroMasterList.h
218,CME_SETCAMLENINDEX,SAME_NAME,external,SetCamLenIndex,SetCamLenIndex,,1,0,I,PSS_RegularCommand,generated,compile-only,pinned-source,real SerialEM integration and per-command behavior pending,generated from MacroMasterList.h
219,CME_SETSPOTSIZE,SAME_NAME,external,SetSpotSize,SetSpotSize,,1,0,I,PSS_RegularCommand,generated,compile-only,pinned-source,real SerialEM integration and per-command behavior pending,generated from MacroMasterList.h
220,CME_SETPROBEMODE,SAME_NAME,external,SetProbeMode,SetProbeMode,,1,0,S,PSS_RegularCommand,generated,compile-only,pinned-source,real SerialEM integration and per-command behavior pending,generated from MacroMasterList.h
221,CME_DELAY,SAME_NAME,external,Delay,Delay,,1,1,Ds,PSS_RegularCommand,generated,compile-only,pinned-source,real SerialEM integration and per-command behavior pending,generated from MacroMasterList.h
222,CME_WAITFORMIDNIGHT,SAME_NAME,external,WaitForMidnight,WaitForMidnight,,0,1,ddiii,PSS_RegularCommand,generated,compile-only,pinned-source,real SerialEM integration and per-command behavior pending,generated from MacroMasterList.h
223,CME_WAITFORDOSE,SAME_NAME,external,WaitForDose,WaitForDose,,1,1,Di,PSS_RegularCommand,generated,compile-only,pinned-source,real SerialEM integration and per-command behavior pending,generated from MacroMasterList.h
224,CME_SCREENUP,SAME_NAME,external,ScreenUp,ScreenUp,,0,0,,PSS_RegularCommand,generated,compile-only,pinned-source,real SerialEM integration and per-command behavior pending,generated from MacroMasterList.h
225,CME_SCREENDOWN,SAME_NAME,external,ScreenDown,ScreenDown,,0,0,,PSS_RegularCommand,generated,compile-only,pinned-source,real SerialEM integration and per-command behavior pending,generated from MacroMasterList.h
226,CME_REPORTSCREEN,SAME_NAME,external,ReportScreen,ReportScreen,,0,0,,PSS_RegularCommand,generated,compile-only,pinned-source,real SerialEM integration and per-command behavior pending,generated from MacroMasterList.h
227,CME_REPORTSCREENCURRENT,SAME_NAME,external,ReportScreenCurrent,ReportScreenCurrent,,0,0,,PSS_RegularCommand,generated,compile-only,pinned-source,real SerialEM integration and per-command behavior pending,generated from MacroMasterList.h
228,CME_IMAGESHIFTBYPIXELS,SAME_NAME,external,ImageShiftByPixels,ImageShiftByPixels,,2,1,DDdi,PSS_RegularCommand,generated,compile-only,pinned-source,real SerialEM integration and per-command behavior pending,generated from MacroMasterList.h
229,CME_IMAGESHIFTBYUNITS,SAME_NAME,external,ImageShiftByUnits,ImageShiftByUnits,,2,1,DDdi,PSS_RegularCommand,generated,compile-only,pinned-source,real SerialEM integration and per-command behavior pending,generated from MacroMasterList.h
230,CME_IMAGESHIFTBYMICRONS,SAME_NAME,external,ImageShiftByMicrons,ImageShiftByMicrons,,2,1,DDdi,PSS_RegularCommand,generated,compile-only,pinned-source,real SerialEM integration and per-command behavior pending,generated from MacroMasterList.h
231,CME_IMAGESHIFTBYSTAGEDIFF,SAME_NAME,external,ImageShiftByStageDiff,ImageShiftByStageDiff,,2,0,DDdi,PSS_RegularCommand,generated,compile-only,pinned-source,real SerialEM integration and per-command behavior pending,generated from MacroMasterList.h
232,CME_IMAGESHIFTTOLASTMULTIHOLE,SAME_NAME,external,ImageShiftToLastMultiHole,ImageShiftToLastMultiHole,,0,0,,PSS_RegularCommand,generated,compile-only,pinned-source,real SerialEM integration and per-command behavior pending,generated from MacroMasterList.h
233,CME_SHIFTIMAGEFORDRIFT,SAME_NAME,external,ShiftImageForDrift,ShiftImageForDrift,,3,0,DDI,PSS_RegularCommand,generated,compile-only,pinned-source,real SerialEM integration and per-command behavior pending,generated from MacroMasterList.h
234,CME_SHIFTCALSKIPLENSNORM,SAME_NAME,external,ShiftCalSkipLensNorm,ShiftCalSkipLensNorm,,0,4,i,PSS_RegularCommand,generated,compile-only,pinned-source,real SerialEM integration and per-command behavior pending,generated from MacroMasterList.h
235,CME_CALIBRATEIMAGESHIFT,SAME_NAME,external,CalibrateImageShift,CalibrateImageShift,,0,0,i,PSS_RegularCommand,generated,compile-only,pinned-source,real SerialEM integration and per-command behavior pending,generated from MacroMasterList.h
236,CME_REPORTFOCUSDRIFT,SAME_NAME,external,ReportFocusDrift,ReportFocusDrift,,0,0,,PSS_RegularCommand,generated,compile-only,pinned-source,real SerialEM integration and per-command behavior pending,generated from MacroMasterList.h
237,CME_TESTSTEMSHIFT,SAME_NAME,external,TestSTEMshift,TestSTEMshift,,3,1,DDD,PSS_RegularCommand,generated,compile-only,pinned-source,real SerialEM integration and per-command behavior pending,generated from MacroMasterList.h
238,CME_QUICKFLYBACK,SAME_NAME,external,QuickFlyback,QuickFlyback,,2,1,SD,PSS_RegularCommand,generated,compile-only,pinned-source,real SerialEM integration and per-command behavior pending,generated from MacroMasterList.h
239,CME_REPORTAUTOFOCUS,SAME_NAME,external,ReportAutoFocus,ReportAutoFocus,,0,0,,PSS_RegularCommand,generated,compile-only,pinned-source,real SerialEM integration and per-command behavior pending,generated from MacroMasterList.h
240,CME_REPORTTARGETDEFOCUS,SAME_NAME,external,ReportTargetDefocus,ReportTargetDefocus,,0,0,,PSS_RegularCommand,generated,compile-only,pinned-source,real SerialEM integration and per-command behavior pending,generated from MacroMasterList.h
241,CME_SETBEAMSHIFT,SAME_NAME,external,SetBeamShift,SetBeamShift,,2,0,DD,PSS_RegularCommand,generated,compile-only,pinned-source,real SerialEM integration and per-command behavior pending,generated from MacroMasterList.h
242,CME_MOVEBEAMBYMICRONS,SAME_NAME,external,MoveBeamByMicrons,MoveBeamByMicrons,,2,1,DD,PSS_RegularCommand,generated,compile-only,pinned-source,real SerialEM integration and per-command behavior pending,generated from MacroMasterList.h
243,CME_MOVEBEAMBYFIELDFRACTION,SAME_NAME,external,MoveBeamByFieldFraction,MoveBeamByFieldFraction,,2,1,DD,PSS_RegularCommand,generated,compile-only,pinned-source,real SerialEM integration and per-command behavior pending,generated from MacroMasterList.h
244,CME_SETBEAMTILT,SAME_NAME,external,SetBeamTilt,SetBeamTilt,,2,0,DD,PSS_RegularCommand,generated,compile-only,pinned-source,real SerialEM integration and per-command behavior pending,generated from MacroMasterList.h
245,CME_REPORTBEAMSHIFT,SAME_NAME,external,ReportBeamShift,ReportBeamShift,,0,0,,PSS_RegularCommand,generated,compile-only,pinned-source,real SerialEM integration and per-command behavior pending,generated from MacroMasterList.h
246,CME_REPORTBEAMTILT,SAME_NAME,external,ReportBeamTilt,ReportBeamTilt,,0,0,,PSS_RegularCommand,generated,compile-only,pinned-source,real SerialEM integration and per-command behavior pending,generated from MacroMasterList.h
247,CME_SETIMAGESHIFT,SAME_NAME,external,SetImageShift,SetImageShift,,2,0,DDdi,PSS_RegularCommand,generated,compile-only,pinned-source,real SerialEM integration and per-command behavior pending,generated from MacroMasterList.h
248,CME_ADJUSTBEAMTILTFORIS,SAME_NAME,external,AdjustBeamTiltforIS,AdjustBeamTiltforIS,,0,0,,PSS_RegularCommand,generated,compile-only,pinned-source,real SerialEM integration and per-command behavior pending,generated from MacroMasterList.h
249,CME_REPORTIMAGESHIFT,SAME_NAME,external,ReportImageShift,ReportImageShift,,0,0,,PSS_RegularCommand,generated,compile-only,pinned-source,real SerialEM integration and per-command behavior pending,generated from MacroMasterList.h
250,CME_SETOBJECTIVESTIGMATOR,SAME_NAME,external,SetObjectiveStigmator,SetObjectiveStigmator,,2,0,DD,PSS_RegularCommand,generated,compile-only,pinned-source,real SerialEM integration and per-command behavior pending,generated from MacroMasterList.h
251,CME_REPORTXLENSDEFLECTOR,SAME_NAME,external,ReportXLensDeflector,ReportXLensDeflector,,1,0,I,PSS_RegularCommand,generated,compile-only,pinned-source,real SerialEM integration and per-command behavior pending,generated from MacroMasterList.h
252,CME_SETXLENSDEFLECTOR,SAME_FUNC,external,SetXLensDeflector,SetXLensDeflector,ReportXLensDeflector,3,0,IDD,PSS_RegularCommand,generated,compile-only,pinned-source,real SerialEM integration and per-command behavior pending,generated from MacroMasterList.h
253,CME_REPORTXLENSFOCUS,SAME_FUNC,external,ReportXLensFocus,ReportXLensFocus,ReportXLensDeflector,0,0,,PSS_RegularCommand,generated,compile-only,pinned-source,real SerialEM integration and per-command behavior pending,generated from MacroMasterList.h
254,CME_SETXLENSFOCUS,SAME_FUNC,external,SetXLensFocus,SetXLensFocus,ReportXLensDeflector,1,0,D,PSS_RegularCommand,generated,compile-only,pinned-source,real SerialEM integration and per-command behavior pending,generated from MacroMasterList.h
255,CME_REPORTSPECIMENSHIFT,SAME_NAME,external,ReportSpecimenShift,ReportSpecimenShift,,0,0,,PSS_RegularCommand,generated,compile-only,pinned-source,real SerialEM integration and per-command behavior pending,generated from MacroMasterList.h
256,CME_REPORTOBJECTIVESTIGMATOR,SAME_NAME,external,ReportObjectiveStigmator,ReportObjectiveStigmator,,0,0,,PSS_RegularCommand,generated,compile-only,pinned-source,real SerialEM integration and per-command behavior pending,generated from MacroMasterList.h
257,CME_SUPPRESSREPORTS,SAME_NAME,external,SuppressReports,SuppressReports,,0,4,i,PSS_RegularCommand,generated,compile-only,pinned-source,real SerialEM integration and per-command behavior pending,generated from MacroMasterList.h
258,CME_ERRORSTOLOG,SAME_NAME,external,ErrorsToLog,ErrorsToLog,,0,4,i,PSS_RegularCommand,generated,compile-only,pinned-source,real SerialEM integration and per-command behavior pending,generated from MacroMasterList.h
259,CME_REPORTALIGNSHIFT,SAME_NAME,external,ReportAlignShift,ReportAlignShift,,0,0,,PSS_RegularCommand,generated,compile-only,pinned-source,real SerialEM integration and per-command behavior pending,generated from MacroMasterList.h
260,CME_REPORTSHIFTDIFFFROM,SAME_FUNC,external,ReportShiftDiffFrom,ReportShiftDiffFrom,ReportAlignShift,1,0,D,PSS_RegularCommand,generated,compile-only,pinned-source,real SerialEM integration and per-command behavior pending,generated from MacroMasterList.h
261,CME_REPORTISFORBUFFERSHIFT,SAME_FUNC,external,ReportISforBufferShift,ReportISforBufferShift,ReportAlignShift,0,0,,PSS_RegularCommand,generated,compile-only,pinned-source,real SerialEM integration and per-command behavior pending,generated from MacroMasterList.h
262,CME_REPORTACCUMSHIFT,SAME_NAME,external,ReportAccumShift,ReportAccumShift,,0,0,,PSS_RegularCommand,generated,compile-only,pinned-source,real SerialEM integration and per-command behavior pending,generated from MacroMasterList.h
263,CME_RESETACCUMSHIFT,SAME_NAME,external,ResetAccumShift,ResetAccumShift,,0,0,,PSS_RegularCommand,generated,compile-only,pinned-source,real SerialEM integration and per-command behavior pending,generated from MacroMasterList.h
264,CME_REPORTALIGNTRIMMING,SAME_NAME,external,ReportAlignTrimming,ReportAlignTrimming,,0,0,,PSS_RegularCommand,generated,compile-only,pinned-source,real SerialEM integration and per-command behavior pending,generated from MacroMasterList.h
265,CME_CAMERATOISMATRIX,SAME_NAME,external,CameraToISMatrix,CameraToISMatrix,,1,4,I,PSS_RegularCommand,generated,compile-only,pinned-source,real SerialEM integration and per-command behavior pending,generated from MacroMasterList.h
266,CME_ISTOCAMERAMATRIX,SAME_FUNC,external,ISToCameraMatrix,ISToCameraMatrix,CameraToISMatrix,1,4,I,PSS_RegularCommand,generated,compile-only,pinned-source,real SerialEM integration and per-command behavior pending,generated from MacroMasterList.h
267,CME_CAMERATOSTAGEMATRIX,SAME_FUNC,external,CameraToStageMatrix,CameraToStageMatrix,CameraToISMatrix,1,4,I,PSS_RegularCommand,generated,compile-only,pinned-source,real SerialEM integration and per-command behavior pending,generated from MacroMasterList.h
268,CME_STAGETOCAMERAMATRIX,SAME_FUNC,external,StageToCameraMatrix,StageToCameraMatrix,CameraToISMatrix,1,4,I,PSS_RegularCommand,generated,compile-only,pinned-source,real SerialEM integration and per-command behavior pending,generated from MacroMasterList.h
269,CME_CAMERATOSPECIMENMATRIX,SAME_FUNC,external,CameraToSpecimenMatrix,CameraToSpecimenMatrix,CameraToISMatrix,1,4,I,PSS_RegularCommand,generated,compile-only,pinned-source,real SerialEM integration and per-command behavior pending,generated from MacroMasterList.h
270,CME_SPECIMENTOCAMERAMATRIX,SAME_FUNC,external,SpecimenToCameraMatrix,SpecimenToCameraMatrix,CameraToISMatrix,1,4,I,PSS_RegularCommand,generated,compile-only,pinned-source,real SerialEM integration and per-command behavior pending,generated from MacroMasterList.h
271,CME_ISTOSPECIMENMATRIX,SAME_FUNC,external,ISToSpecimenMatrix,ISToSpecimenMatrix,CameraToISMatrix,1,4,I,PSS_RegularCommand,generated,compile-only,pinned-source,real SerialEM integration and per-command behavior pending,generated from MacroMasterList.h
272,CME_SPECIMENTOISMATRIX,SAME_FUNC,external,SpecimenToISMatrix,SpecimenToISMatrix,CameraToISMatrix,1,4,I,PSS_RegularCommand,generated,compile-only,pinned-source,real SerialEM integration and per-command behavior pending,generated from MacroMasterList.h
273,CME_ISTOSTAGEMATRIX,SAME_FUNC,external,ISToStageMatrix,ISToStageMatrix,CameraToISMatrix,1,4,I,PSS_RegularCommand,generated,compile-only,pinned-source,real SerialEM integration and per-command behavior pending,generated from MacroMasterList.h
274,CME_STAGETOISMATRIX,SAME_FUNC,external,StageToISMatrix,StageToISMatrix,CameraToISMatrix,1,4,I,PSS_RegularCommand,generated,compile-only,pinned-source,real SerialEM integration and per-command behavior pending,generated from MacroMasterList.h
275,CME_STAGETOSPECIMENMATRIX,SAME_FUNC,external,StageToSpecimenMatrix,StageToSpecimenMatrix,CameraToISMatrix,1,4,I,PSS_RegularCommand,generated,compile-only,pinned-source,real SerialEM integration and per-command behavior pending,generated from MacroMasterList.h
276,CME_SPECIMENTOSTAGEMATRIX,SAME_FUNC,external,SpecimenToStageMatrix,SpecimenToStageMatrix,CameraToISMatrix,1,4,I,PSS_RegularCommand,generated,compile-only,pinned-source,real SerialEM integration and per-command behavior pending,generated from MacroMasterList.h
277,CME_REPORTCLOCK,SAME_NAME,external,ReportClock,ReportClock,,0,0,,PSS_RegularCommand,generated,compile-only,pinned-source,real SerialEM integration and per-command behavior pending,generated from MacroMasterList.h
278,CME_RESETCLOCK,SAME_NAME,external,ResetClock,ResetClock,,0,4,,PSS_RegularCommand,generated,compile-only,pinned-source,real SerialEM integration and per-command behavior pending,generated from MacroMasterList.h
279,CME_REPORTMINUTETIME,SAME_NAME,external,ReportMinuteTime,ReportMinuteTime,,0,0,,PSS_RegularCommand,generated,compile-only,pinned-source,real SerialEM integration and per-command behavior pending,generated from MacroMasterList.h
280,CME_SETCUSTOMTIME,SAME_NAME,external,SetCustomTime,SetCustomTime,,1,4,Sd,PSS_RegularCommand,generated,compile-only,pinned-source,real SerialEM integration and per-command behavior pending,generated from MacroMasterList.h
281,CME_REPORTCUSTOMINTERVAL,SAME_FUNC,external,ReportCustomInterval,ReportCustomInterval,SetCustomTime,1,0,Sd,PSS_RegularCommand,generated,compile-only,pinned-source,real SerialEM integration and per-command behavior pending,generated from MacroMasterList.h
282,CME_REPORTTICKTIME,SAME_NAME,external,ReportTickTime,ReportTickTime,,0,0,,PSS_RegularCommand,generated,compile-only,pinned-source,real SerialEM integration and per-command behavior pending,generated from MacroMasterList.h
283,CME_ELAPSEDTICKTIME,SAME_NAME,external,ElapsedTickTime,ElapsedTickTime,,1,5,D,PSS_RegularCommand,generated,compile-only,pinned-source,real SerialEM integration and per-command behavior pending,generated from MacroMasterList.h
284,CME_REPORTDATETIME,SAME_NAME,external,ReportDateTime,ReportDateTime,,0,0,,PSS_RegularCommand,generated,compile-only,pinned-source,real SerialEM integration and per-command behavior pending,generated from MacroMasterList.h
285,CME_MOVESTAGE,SAME_NAME,external,MoveStage,MoveStage,,2,1,DDd,PSS_RegularCommand,generated,compile-only,pinned-source,real SerialEM integration and per-command behavior pending,generated from MacroMasterList.h
286,CME_MOVESTAGETO,SAME_FUNC,external,MoveStageTo,MoveStageTo,MoveStage,2,1,DDd,PSS_RegularCommand,generated,compile-only,pinned-source,real SerialEM integration and per-command behavior pending,generated from MacroMasterList.h
287,CME_TESTRELAXINGSTAGE,SAME_FUNC,external,TestRelaxingStage,TestRelaxingStage,MoveStage,2,1,DDdd,PSS_RegularCommand,generated,compile-only,pinned-source,real SerialEM integration and per-command behavior pending,generated from MacroMasterList.h
288,CME_STAGESHIFTBYPIXELS,SAME_FUNC,external,StageShiftByPixels,StageShiftByPixels,MoveStage,2,1,DD,PSS_RegularCommand,generated,compile-only,pinned-source,real SerialEM integration and per-command behavior pending,generated from MacroMasterList.h
289,CME_STAGETOLASTMULTIHOLE,SAME_FUNC,external,StageToLastMultiHole,StageToLastMultiHole,MoveStage,0,0,,PSS_RegularCommand,generated,compile-only,pinned-source,real SerialEM integration and per-command behavior pending,generated from MacroMasterList.h
290,CME_MOVESTAGEWITHSPEED,SAME_FUNC,external,MoveStageWithSpeed,MoveStageWithSpeed,MoveStage,3,1,DDD,PSS_RegularCommand,generated,compile-only,pinned-source,real SerialEM integration and per-command behavior pending,generated from MacroMasterList.h
291,CME_RELAXSTAGE,SAME_NAME,external,RelaxStage,RelaxStage,,0,1,d,PSS_RegularCommand,generated,compile-only,pinned-source,real SerialEM integration and per-command behavior pending,generated from MacroMasterList.h
292,CME_BACKGROUNDTILT,SAME_NAME,external,BackgroundTilt,BackgroundTilt,,1,1,Dd,PSS_RegularCommand,generated,compile-only,pinned-source,real SerialEM integration and per-command behavior pending,generated from MacroMasterList.h
293,CME_REPORTSTAGEXYZ,SAME_NAME,external,ReportStageXYZ,ReportStageXYZ,,0,0,,PSS_RegularCommand,generated,compile-only,pinned-source,real SerialEM integration and per-command behavior pending,generated from MacroMasterList.h
294,CME_REPORTTILTANGLE,SAME_NAME,external,ReportTiltAngle,ReportTiltAngle,,0,0,,PSS_RegularCommand,generated,compile-only,pinned-source,real SerialEM integration and per-command behavior pending,generated from MacroMasterList.h
295,CME_REPORTSTAGEBUSY,SAME_NAME,external,ReportStageBusy,ReportStageBusy,,0,0,,PSS_RegularCommand,generated,compile-only,pinned-source,real SerialEM integration and per-command behavior pending,generated from MacroMasterList.h
296,CME_REPORTSTAGEBAXIS,SAME_NAME,external,ReportStageBAxis,ReportStageBAxis,,0,0,,PSS_RegularCommand,generated,compile-only,pinned-source,real SerialEM integration and per-command behavior pending,generated from MacroMasterList.h
297,CME_REPORTMAG,SAME_NAME,external,ReportMag,ReportMag,,0,0,,PSS_RegularCommand,generated,compile-only,pinned-source,real SerialEM integration and per-command behavior pending,generated from MacroMasterList.h
298,CME_REPORTMAGINDEX,SAME_NAME,external,ReportMagIndex,ReportMagIndex,,0,0,,PSS_RegularCommand,generated,compile-only,pinned-source,real SerialEM integration and per-command behavior pending,generated from MacroMasterList.h
299,CME_REPORTCAMERALENGTH,SAME_NAME,external,ReportCameraLength,ReportCameraLength,,0,0,,PSS_RegularCommand,generated,compile-only,pinned-source,real SerialEM integration and per-command behavior pending,generated from MacroMasterList.h
300,CME_REPORTDEFOCUS,SAME_NAME,external,ReportDefocus,ReportDefocus,,0,0,,PSS_RegularCommand,generated,compile-only,pinned-source,real SerialEM integration and per-command behavior pending,generated from MacroMasterList.h
301,CME_REPORTFOCUS,SAME_NAME,external,ReportFocus,ReportFocus,,0,0,,PSS_RegularCommand,generated,compile-only,pinned-source,real SerialEM integration and per-command behavior pending,generated from MacroMasterList.h
302,CME_REPORTABSOLUTEFOCUS,SAME_FUNC,external,ReportAbsoluteFocus,ReportAbsoluteFocus,ReportFocus,0,0,,PSS_RegularCommand,generated,compile-only,pinned-source,real SerialEM integration and per-command behavior pending,generated from MacroMasterList.h
303,CME_REPORTPERCENTC2,SAME_NAME,external,ReportPercentC2,ReportPercentC2,,0,0,,PSS_RegularCommand,generated,compile-only,pinned-source,real SerialEM integration and per-command behavior pending,generated from MacroMasterList.h
304,CME_REPORTCROSSOVERPERCENTC2,SAME_NAME,external,ReportCrossoverPercentC2,ReportCrossoverPercentC2,,0,0,,PSS_RegularCommand,generated,compile-only,pinned-source,real SerialEM integration and per-command behavior pending,generated from MacroMasterList.h
305,CME_REPORTILLUMINATEDAREA,SAME_NAME,external,ReportIlluminatedArea,ReportIlluminatedArea,,0,0,,PSS_RegularCommand,generated,compile-only,pinned-source,real SerialEM integration and per-command behavior pending,generated from MacroMasterList.h
306,CME_REPORTIMAGEDISTANCEOFFSET,SAME_NAME,external,ReportImageDistanceOffset,ReportImageDistanceOffset,,0,0,,PSS_RegularCommand,generated,compile-only,pinned-source,real SerialEM integration and per-command behavior pending,generated from MacroMasterList.h
307,CME_REPORTALPHA,SAME_NAME,external,ReportAlpha,ReportAlpha,,0,0,,PSS_RegularCommand,generated,compile-only,pinned-source,real SerialEM integration and per-command behavior pending,generated from MacroMasterList.h
308,CME_REPORTSPOTSIZE,SAME_NAME,external,ReportSpotSize,ReportSpotSize,,0,0,,PSS_RegularCommand,generated,compile-only,pinned-source,real SerialEM integration and per-command behavior pending,generated from MacroMasterList.h
309,CME_REPORTPROBEMODE,SAME_NAME,external,ReportProbeMode,ReportProbeMode,,0,0,,PSS_RegularCommand,generated,compile-only,pinned-source,real SerialEM integration and per-command behavior pending,generated from MacroMasterList.h
310,CME_REPORTENERGYFILTER,SAME_NAME,external,ReportEnergyFilter,ReportEnergyFilter,,0,0,,PSS_RegularCommand,generated,compile-only,pinned-source,real SerialEM integration and per-command behavior pending,generated from MacroMasterList.h
311,CME_REPORTCOLUMNMODE,SAME_NAME,external,ReportColumnMode,ReportColumnMode,,0,0,,PSS_RegularCommand,generated,compile-only,pinned-source,real SerialEM integration and per-command behavior pending,generated from MacroMasterList.h
312,CME_REPORTLENS,SAME_NAME,external,ReportLens,ReportLens,,1,0,S,PSS_RegularCommand,generated,compile-only,pinned-source,real SerialEM integration and per-command behavior pending,generated from MacroMasterList.h
313,CME_REPORTCOIL,SAME_NAME,external,ReportCoil,ReportCoil,,1,0,S,PSS_RegularCommand,generated,compile-only,pinned-source,real SerialEM integration and per-command behavior pending,generated from MacroMasterList.h
314,CME_SETFREELENSCONTROL,SAME_NAME,external,SetFreeLensControl,SetFreeLensControl,,2,1,II,PSS_RegularCommand,generated,compile-only,pinned-source,real SerialEM integration and per-command behavior pending,generated from MacroMasterList.h
315,CME_SETLENSWITHFLC,SAME_NAME,external,SetLensWithFLC,SetLensWithFLC,,2,0,IDi,PSS_RegularCommand,generated,compile-only,pinned-source,real SerialEM integration and per-command behavior pending,generated from MacroMasterList.h
316,CME_REPORTLENSFLCSTATUS,SAME_NAME,external,ReportLensFLCStatus,ReportLensFLCStatus,,1,0,I,PSS_RegularCommand,generated,compile-only,pinned-source,real SerialEM integration and per-command behavior pending,generated from MacroMasterList.h
317,CME_SETJEOLSTEMFLAGS,SAME_NAME,external,SetJeolSTEMflags,SetJeolSTEMflags,,2,2,DD,PSS_RegularCommand,generated,compile-only,pinned-source,real SerialEM integration and per-command behavior pending,generated from MacroMasterList.h
318,CME_SETCAMERAPLAOFFSET,SAME_NAME,external,SetCameraPLAOffset,SetCameraPLAOffset,,0,0,,PSS_RegularCommand,generated,compile-only,pinned-source,real SerialEM integration and per-command behavior pending,generated from MacroMasterList.h
319,CME_REMOVEAPERTURE,SAME_NAME,external,RemoveAperture,RemoveAperture,,1,0,I,PSS_RegularCommand,generated,compile-only,pinned-source,real SerialEM integration and per-command behavior pending,generated from MacroMasterList.h
320,CME_REINSERTAPERTURE,SAME_FUNC,external,ReInsertAperture,ReInsertAperture,RemoveAperture,1,0,I,PSS_RegularCommand,generated,compile-only,pinned-source,real SerialEM integration and per-command behavior pending,generated from MacroMasterList.h
321,CME_PHASEPLATETONEXTPOS,SAME_NAME,external,PhasePlateToNextPos,PhasePlateToNextPos,,0,0,,PSS_RegularCommand,generated,compile-only,pinned-source,real SerialEM integration and per-command behavior pending,generated from MacroMasterList.h
322,CME_REPORTPHASEPLATEPOS,SAME_NAME,external,ReportPhasePlatePos,ReportPhasePlatePos,,0,0,,PSS_RegularCommand,generated,compile-only,pinned-source,real SerialEM integration and per-command behavior pending,generated from MacroMasterList.h
323,CME_REPORTMEANCOUNTS,SAME_NAME,external,ReportMeanCounts,ReportMeanCounts,,0,0,si,PSS_RegularCommand,generated,compile-only,pinned-source,real SerialEM integration and per-command behavior pending,generated from MacroMasterList.h
324,CME_REPORTFILEZSIZE,SAME_NAME,external,ReportFileZsize,ReportFileZsize,,0,0,,PSS_RegularCommand,generated,compile-only,pinned-source,real SerialEM integration and per-command behavior pending,generated from MacroMasterList.h
325,CME_SUBAREAMEAN,SAME_NAME,external,SubareaMean,SubareaMean,,4,5,IIII,PSS_RegularCommand,generated,compile-only,pinned-source,real SerialEM integration and per-command behavior pending,generated from MacroMasterList.h
326,CME_CIRCULARSUBAREAMEAN,SAME_NAME,external,CircularSubareaMean,CircularSubareaMean,,3,4,DDD,PSS_RegularCommand,generated,compile-only,pinned-source,real SerialEM integration and per-command behavior pending,generated from MacroMasterList.h
327,CME_ELECTRONSTATS,SAME_NAME,external,ElectronStats,ElectronStats,,0,4,s,PSS_RegularCommand,generated,compile-only,pinned-source,real SerialEM integration and per-command behavior pending,generated from MacroMasterList.h
328,CME_RAWELECTRONSTATS,SAME_FUNC,external,RawElectronStats,RawElectronStats,ElectronStats,0,4,s,PSS_RegularCommand,generated,compile-only,pinned-source,real SerialEM integration and per-command behavior pending,generated from MacroMasterList.h
329,CME_CROPIMAGE,SAME_NAME,external,CropImage,CropImage,,5,1,SIIII,PSS_RegularCommand,generated,compile-only,pinned-source,real SerialEM integration and per-command behavior pending,generated from MacroMasterList.h
330,CME_CROPCENTERTOSIZE,SAME_FUNC,external,CropCenterToSize,CropCenterToSize,CropImage,3,0,SII,PSS_RegularCommand,generated,compile-only,pinned-source,real SerialEM integration and per-command behavior pending,generated from MacroMasterList.h
331,CME_REDUCEIMAGE,SAME_NAME,external,ReduceImage,ReduceImage,,2,1,SD,PSS_RegularCommand,generated,compile-only,pinned-source,real SerialEM integration and per-command behavior pending,generated from MacroMasterList.h
332,CME_ROTATE90CW,SAME_NAME,external,Rotate90CW,Rotate90CW,,1,0,S,PSS_RegularCommand,generated,compile-only,pinned-source,real SerialEM integration and per-command behavior pending,generated from MacroMasterList.h
333,CME_ROTATE90CCW,SAME_NAME,external,Rotate90CCW,Rotate90CCW,,1,0,S,PSS_RegularCommand,generated,compile-only,pinned-source,real SerialEM integration and per-command behavior pending,generated from MacroMasterList.h
334,CME_FFT,SAME_NAME,external,FFT,FFT,,1,0,Si,PSS_RegularCommand,generated,compile-only,pinned-source,real SerialEM integration and per-command behavior pending,generated from MacroMasterList.h
335,CME_FILTERIMAGE,SAME_NAME,external,FilterImage,FilterImage,,5,0,SDDDDs,PSS_RegularCommand,generated,compile-only,pinned-source,real SerialEM integration and per-command behavior pending,generated from MacroMasterList.h
336,CME_ADDIMAGES,DIFF_NAME,external,AddImages,AddImages,CombineImages,2,1,SSs,PSS_RegularCommand,generated,compile-only,pinned-source,real SerialEM integration and per-command behavior pending,generated from MacroMasterList.h
337,CME_SUBTRACTIMAGES,SAME_FUNC,external,SubtractImages,SubtractImages,CombineImages,2,1,SSs,PSS_RegularCommand,generated,compile-only,pinned-source,real SerialEM integration and per-command behavior pending,generated from MacroMasterList.h
338,CME_MULTIPLYIMAGES,SAME_FUNC,external,MultiplyImages,MultiplyImages,CombineImages,2,1,SSs,PSS_RegularCommand,generated,compile-only,pinned-source,real SerialEM integration and per-command behavior pending,generated from MacroMasterList.h
339,CME_DIVIDEIMAGES,SAME_FUNC,external,DivideImages,DivideImages,CombineImages,2,1,SSs,PSS_RegularCommand,generated,compile-only,pinned-source,real SerialEM integration and per-command behavior pending,generated from MacroMasterList.h
340,CME_SCALEIMAGE,SAME_NAME,external,ScaleImage,ScaleImage,,3,1,SDDsi,PSS_RegularCommand,generated,compile-only,pinned-source,real SerialEM integration and per-command behavior pending,generated from MacroMasterList.h
341,CME_CTFFIND,SAME_NAME,external,CtfFind,CtfFind,,3,1,SDDiiddii,PSS_RegularCommand,generated,compile-only,pinned-source,real SerialEM integration and per-command behavior pending,generated from MacroMasterList.h
342,CME_IMAGEPROPERTIES,SAME_NAME,external,ImageProperties,ImageProperties,,0,4,s,PSS_RegularCommand,generated,compile-only,pinned-source,real SerialEM integration and per-command behavior pending,generated from MacroMasterList.h
343,CME_IMAGELOWDOSESET,SAME_NAME,external,ImageLowDoseSet,ImageLowDoseSet,,0,4,s,PSS_RegularCommand,generated,compile-only,pinned-source,real SerialEM integration and per-command behavior pending,generated from MacroMasterList.h
344,CME_MEASUREBEAMSIZE,SAME_NAME,external,MeasureBeamSize,MeasureBeamSize,,0,4,s,PSS_RegularCommand,generated,compile-only,pinned-source,real SerialEM integration and per-command behavior pending,generated from MacroMasterList.h
345,CME_QUADRANTMEANS,SAME_NAME,external,QuadrantMeans,QuadrantMeans,,0,4,idd,PSS_RegularCommand,generated,compile-only,pinned-source,real SerialEM integration and per-command behavior pending,generated from MacroMasterList.h
346,CME_CHECKFORBADSTRIPE,SAME_NAME,external,CheckForBadStripe,CheckForBadStripe,,0,4,si,PSS_RegularCommand,generated,compile-only,pinned-source,real SerialEM integration and per-command behavior pending,generated from MacroMasterList.h
347,CME_CIRCLEFROMPOINTS,SAME_NAME,external,CircleFromPoints,CircleFromPoints,,6,1,DDDDDD,PSS_RegularCommand,generated,compile-only,pinned-source,real SerialEM integration and per-command behavior pending,generated from MacroMasterList.h
348,CME_FINDPIXELSIZE,SAME_NAME,external,FindPixelSize,FindPixelSize,,0,0,,PSS_RegularCommand,generated,compile-only,pinned-source,real SerialEM integration and per-command behavior pending,generated from MacroMasterList.h
349,CME_ECHO,SAME_NAME,external,Echo,Echo,,0,4,s,PSS_RegularCommand,generated,compile-only,pinned-source,real SerialEM integration and per-command behavior pending,generated from MacroMasterList.h
350,CME_ECHONOVARSUB,SAME_FUNC,internal-only,EchoNoVarSub,,Echo,0,4,,,enum-only,parser-count,pinned-source,not externally callable,enum-only entry; retained for CME numbering
351,CME_ECHOEVAL,SAME_NAME,internal-only,EchoEval,,,0,5,,,enum-only,parser-count,pinned-source,not externally callable,enum-only entry; retained for CME numbering
352,CME_ECHOREPLACELINE,SAME_FUNC,external,EchoReplaceLine,EchoReplaceLine,EchoEval,0,5,s,PSS_RegularCommand,generated,compile-only,pinned-source,real SerialEM integration and per-command behavior pending,generated from MacroMasterList.h
353,CME_ECHONOLINEEND,SAME_FUNC,external,EchoNoLineEnd,EchoNoLineEnd,EchoEval,1,5,S,PSS_RegularCommand,generated,compile-only,pinned-source,real SerialEM integration and per-command behavior pending,generated from MacroMasterList.h
354,CME_VERBOSE,SAME_NAME,external,Verbose,Verbose,,1,4,D,PSS_RegularCommand,generated,compile-only,pinned-source,real SerialEM integration and per-command behavior pending,generated from MacroMasterList.h
355,CME_PROGRAMTIMESTAMPS,SAME_NAME,external,ProgramTimeStamps,ProgramTimeStamps,,0,4,ii,PSS_RegularCommand,generated,compile-only,pinned-source,real SerialEM integration and per-command behavior pending,generated from MacroMasterList.h
356,CME_ISVERSIONATLEAST,SAME_NAME,external,IsVersionAtLeast,IsVersionAtLeast,,1,4,Ss,PSS_RegularCommand,generated,compile-only,pinned-source,real SerialEM integration and per-command behavior pending,generated from MacroMasterList.h
357,CME_SKIPIFVERSIONLESSTHAN,SAME_FUNC,external,SkipIfVersionLessThan,SkipIfVersionLessThan,IsVersionAtLeast,1,4,Ss,PSS_RegularCommand,generated,compile-only,pinned-source,real SerialEM integration and per-command behavior pending,generated from MacroMasterList.h
358,CME_ISFFTWINDOWOPEN,SAME_NAME,external,IsFFTWindowOpen,IsFFTWindowOpen,,0,0,,PSS_RegularCommand,generated,compile-only,pinned-source,real SerialEM integration and per-command behavior pending,generated from MacroMasterList.h
359,CME_REPORTENVIRONVAR,SAME_NAME,external,ReportEnvironVar,ReportEnvironVar,,1,0,S,PSS_RegularCommand,generated,compile-only,pinned-source,real SerialEM integration and per-command behavior pending,generated from MacroMasterList.h
360,CME_REPORTSETTINGSFILE,SAME_NAME,external,ReportSettingsFile,ReportSettingsFile,,0,0,,PSS_RegularCommand,generated,compile-only,pinned-source,real SerialEM integration and per-command behavior pending,generated from MacroMasterList.h
361,CME_LISTALLCALIBRATIONS,SAME_NAME,external,ListAllCalibrations,ListAllCalibrations,,0,0,,PSS_RegularCommand,generated,compile-only,pinned-source,real SerialEM integration and per-command behavior pending,generated from MacroMasterList.h
362,CME_PAUSE,SAME_NAME,external,Pause,Pause,,0,4,s,PSS_RegularCommand,generated,compile-only,pinned-source,real SerialEM integration and per-command behavior pending,generated from MacroMasterList.h
363,CME_YESNOBOX,SAME_FUNC,external,YesNoBox,YesNoBox,Pause,1,4,S,PSS_RegularCommand,generated,compile-only,pinned-source,real SerialEM integration and per-command behavior pending,generated from MacroMasterList.h
364,CME_ABORTIFFAILED,SAME_FUNC,internal-only,AbortIfFailed,,Pause,1,4,,,enum-only,parser-count,pinned-source,not externally callable,enum-only entry; retained for CME numbering
365,CME_PAUSEIFFAILED,SAME_FUNC,internal-only,PauseIfFailed,,Pause,0,4,,,enum-only,parser-count,pinned-source,not externally callable,enum-only entry; retained for CME numbering
366,CME_OKBOX,SAME_NAME,external,OKBox,OKBox,,1,4,S,PSS_RegularCommand,generated,compile-only,pinned-source,real SerialEM integration and per-command behavior pending,generated from MacroMasterList.h
367,CME_ENTERONENUMBER,SAME_NAME,external,EnterOneNumber,EnterOneNumber,,1,4,S,PSS_RegularCommand,generated,compile-only,pinned-source,real SerialEM integration and per-command behavior pending,generated from MacroMasterList.h
368,CME_ENTERDEFAULTEDNUMBER,SAME_FUNC,external,EnterDefaultedNumber,EnterDefaultedNumber,EnterOneNumber,3,4,DIS,PSS_RegularCommand,generated,compile-only,pinned-source,real SerialEM integration and per-command behavior pending,generated from MacroMasterList.h
369,CME_ENTERSTRING,SAME_NAME,external,EnterString,EnterString,,2,4,SS,PSS_RegularCommand,generated,compile-only,pinned-source,real SerialEM integration and per-command behavior pending,generated from MacroMasterList.h
370,CME_THREECHOICEBOX,SAME_NAME,external,ThreeChoiceBox,ThreeChoiceBox,,3,4,SSSss,PSS_RegularCommand,generated,compile-only,pinned-source,real SerialEM integration and per-command behavior pending,generated from MacroMasterList.h
371,CME_COMPARENOCASE,SAME_NAME,external,CompareNoCase,CompareNoCase,,2,4,SS,PSS_RegularCommand,generated,compile-only,pinned-source,real SerialEM integration and per-command behavior pending,generated from MacroMasterList.h
372,CME_COMPARESTRINGS,SAME_FUNC,external,CompareStrings,CompareStrings,CompareNoCase,2,4,SS,PSS_RegularCommand,generated,compile-only,pinned-source,real SerialEM integration and per-command behavior pending,generated from MacroMasterList.h
373,CME_STRIPENDINGDIGITS,SAME_NAME,external,StripEndingDigits,StripEndingDigits,,2,4,SS,PSS_RegularCommand,generated,compile-only,pinned-source,real SerialEM integration and per-command behavior pending,generated from MacroMasterList.h
374,CME_MAILSUBJECT,SAME_NAME,external,MailSubject,MailSubject,,1,4,S,PSS_RegularCommand,generated,compile-only,pinned-source,real SerialEM integration and per-command behavior pending,generated from MacroMasterList.h
375,CME_SENDEMAIL,SAME_NAME,external,SendEmail,SendEmail,,1,0,S,PSS_RegularCommand,generated,compile-only,pinned-source,real SerialEM integration and per-command behavior pending,generated from MacroMasterList.h
376,CME_ERRORBOXSENDEMAIL,SAME_FUNC,external,ErrorBoxSendEmail,ErrorBoxSendEmail,SendEmail,1,4,S,PSS_RegularCommand,generated,compile-only,pinned-source,real SerialEM integration and per-command behavior pending,generated from MacroMasterList.h
377,CME_CLEARALIGNMENT,SAME_NAME,external,ClearAlignment,ClearAlignment,,0,0,i,PSS_RegularCommand,generated,compile-only,pinned-source,real SerialEM integration and per-command behavior pending,generated from MacroMasterList.h
378,CME_RESETIMAGESHIFT,SAME_NAME,external,ResetImageShift,ResetImageShift,,0,0,id,PSS_RegularCommand,generated,compile-only,pinned-source,real SerialEM integration and per-command behavior pending,generated from MacroMasterList.h
379,CME_RESETSHIFTIFABOVE,SAME_NAME,external,ResetShiftIfAbove,ResetShiftIfAbove,,1,1,D,PSS_RegularCommand,generated,compile-only,pinned-source,real SerialEM integration and per-command behavior pending,generated from MacroMasterList.h
380,CME_EUCENTRICITY,SAME_NAME,external,Eucentricity,Eucentricity,,0,0,ii,PSS_RegularCommand,generated,compile-only,pinned-source,real SerialEM integration and per-command behavior pending,generated from MacroMasterList.h
381,CME_REPORTLASTAXISOFFSET,SAME_NAME,external,ReportLastAxisOffset,ReportLastAxisOffset,,0,0,,PSS_RegularCommand,generated,compile-only,pinned-source,real SerialEM integration and per-command behavior pending,generated from MacroMasterList.h
382,CME_SETTILTAXISOFFSET,SAME_NAME,external,SetTiltAxisOffset,SetTiltAxisOffset,,1,4,D,PSS_RegularCommand,generated,compile-only,pinned-source,real SerialEM integration and per-command behavior pending,generated from MacroMasterList.h
383,CME_WALKUPTO,SAME_NAME,external,WalkUpTo,WalkUpTo,,1,1,D,PSS_RegularCommand,generated,compile-only,pinned-source,real SerialEM integration and per-command behavior pending,generated from MacroMasterList.h
384,CME_REVERSETILT,SAME_NAME,external,ReverseTilt,ReverseTilt,,0,0,i,PSS_RegularCommand,generated,compile-only,pinned-source,real SerialEM integration and per-command behavior pending,generated from MacroMasterList.h
385,CME_DRIFTWAITTASK,SAME_NAME,external,DriftWaitTask,DriftWaitTask,,0,1,dsddisiii,PSS_RegularCommand,generated,compile-only,pinned-source,real SerialEM integration and per-command behavior pending,generated from MacroMasterList.h
386,CME_CONDITIONPHASEPLATE,SAME_NAME,external,ConditionPhasePlate,ConditionPhasePlate,,0,0,i,PSS_RegularCommand,generated,compile-only,pinned-source,real SerialEM integration and per-command behavior pending,generated from MacroMasterList.h
387,CME_GETWAITTASKDRIFT,SAME_NAME,external,GetWaitTaskDrift,GetWaitTaskDrift,,0,0,,PSS_RegularCommand,generated,compile-only,pinned-source,real SerialEM integration and per-command behavior pending,generated from MacroMasterList.h
388,CME_BACKLASHADJUST,SAME_NAME,external,BacklashAdjust,BacklashAdjust,,0,0,,PSS_RegularCommand,generated,compile-only,pinned-source,real SerialEM integration and per-command behavior pending,generated from MacroMasterList.h
389,CME_CENTERBEAMFROMIMAGE,SAME_NAME,external,CenterBeamFromImage,CenterBeamFromImage,,0,0,id,PSS_RegularCommand,generated,compile-only,pinned-source,real SerialEM integration and per-command behavior pending,generated from MacroMasterList.h
390,CME_AUTOCENTERBEAM,SAME_NAME,external,AutoCenterBeam,AutoCenterBeam,,0,0,di,PSS_RegularCommand,generated,compile-only,pinned-source,real SerialEM integration and per-command behavior pending,generated from MacroMasterList.h
391,CME_COOKSPECIMEN,SAME_NAME,external,CookSpecimen,CookSpecimen,,0,0,,PSS_RegularCommand,generated,compile-only,pinned-source,real SerialEM integration and per-command behavior pending,generated from MacroMasterList.h
392,CME_SETINTENSITYBYLASTTILT,SAME_NAME,external,SetIntensityByLastTilt,SetIntensityByLastTilt,,0,2,,PSS_RegularCommand,generated,compile-only,pinned-source,real SerialEM integration and per-command behavior pending,generated from MacroMasterList.h
393,CME_CHANGEINTENSITYBY,SAME_FUNC,external,ChangeIntensityBy,ChangeIntensityBy,SetIntensityByLastTilt,1,1,D,PSS_RegularCommand,generated,compile-only,pinned-source,real SerialEM integration and per-command behavior pending,generated from MacroMasterList.h
394,CME_SETINTENSITYFORMEAN,SAME_FUNC,external,SetIntensityForMean,SetIntensityForMean,SetIntensityByLastTilt,1,0,D,PSS_RegularCommand,generated,compile-only,pinned-source,real SerialEM integration and per-command behavior pending,generated from MacroMasterList.h
395,CME_SETDOSERATE,SAME_NAME,external,SetDoseRate,SetDoseRate,,1,0,Di,PSS_RegularCommand,generated,compile-only,pinned-source,real SerialEM integration and per-command behavior pending,generated from MacroMasterList.h
396,CME_SETPERCENTC2,SAME_NAME,external,SetPercentC2,SetPercentC2,,1,0,D,PSS_RegularCommand,generated,compile-only,pinned-source,real SerialEM integration and per-command behavior pending,generated from MacroMasterList.h
397,CME_INCPERCENTC2,SAME_FUNC,external,IncPercentC2,IncPercentC2,SetPercentC2,1,1,D,PSS_RegularCommand,generated,compile-only,pinned-source,real SerialEM integration and per-command behavior pending,generated from MacroMasterList.h
398,CME_SETILLUMINATEDAREA,SAME_NAME,external,SetIlluminatedArea,SetIlluminatedArea,,1,0,D,PSS_RegularCommand,generated,compile-only,pinned-source,real SerialEM integration and per-command behavior pending,generated from MacroMasterList.h
399,CME_SETIMAGEDISTANCEOFFSET,SAME_NAME,external,SetImageDistanceOffset,SetImageDistanceOffset,,1,0,D,PSS_RegularCommand,generated,compile-only,pinned-source,real SerialEM integration and per-command behavior pending,generated from MacroMasterList.h
400,CME_SETALPHA,SAME_NAME,external,SetAlpha,SetAlpha,,1,0,I,PSS_RegularCommand,generated,compile-only,pinned-source,real SerialEM integration and per-command behavior pending,generated from MacroMasterList.h
401,CME_REPORTJEOLGIF,SAME_NAME,external,ReportJeolGIF,ReportJeolGIF,,0,0,,PSS_RegularCommand,generated,compile-only,pinned-source,real SerialEM integration and per-command behavior pending,generated from MacroMasterList.h
402,CME_SETJEOLGIF,SAME_NAME,external,SetJeolGIF,SetJeolGIF,,1,0,I,PSS_RegularCommand,generated,compile-only,pinned-source,real SerialEM integration and per-command behavior pending,generated from MacroMasterList.h
403,CME_NORMALIZELENSES,SAME_NAME,external,NormalizeLenses,NormalizeLenses,,1,0,I,PSS_RegularCommand,generated,compile-only,pinned-source,real SerialEM integration and per-command behavior pending,generated from MacroMasterList.h
404,CME_NORMALIZEALLLENSES,SAME_NAME,external,NormalizeAllLenses,NormalizeAllLenses,,0,0,i,PSS_RegularCommand,generated,compile-only,pinned-source,real SerialEM integration and per-command behavior pending,generated from MacroMasterList.h
405,CME_REPORTSLOTSTATUS,SAME_NAME,external,ReportSlotStatus,ReportSlotStatus,,1,4,I,PSS_RegularCommand,generated,compile-only,pinned-source,real SerialEM integration and per-command behavior pending,generated from MacroMasterList.h
406,CME_LOADCARTRIDGE,SAME_NAME,external,LoadCartridge,LoadCartridge,,1,0,I,PSS_RegularCommand,generated,compile-only,pinned-source,real SerialEM integration and per-command behavior pending,generated from MacroMasterList.h
407,CME_UNLOADCARTRIDGE,SAME_FUNC,external,UnloadCartridge,UnloadCartridge,LoadCartridge,0,0,,PSS_RegularCommand,generated,compile-only,pinned-source,real SerialEM integration and per-command behavior pending,generated from MacroMasterList.h
408,CME_REFRIGERANTLEVEL,SAME_NAME,external,RefrigerantLevel,RefrigerantLevel,,1,4,I,PSS_RegularCommand,generated,compile-only,pinned-source,real SerialEM integration and per-command behavior pending,generated from MacroMasterList.h
409,CME_DEWARSREMAININGTIME,SAME_NAME,external,DewarsRemainingTime,DewarsRemainingTime,,0,4,,PSS_RegularCommand,generated,compile-only,pinned-source,real SerialEM integration and per-command behavior pending,generated from MacroMasterList.h
410,CME_AREDEWARSFILLING,SAME_NAME,external,AreDewarsFilling,AreDewarsFilling,,0,4,,PSS_RegularCommand,generated,compile-only,pinned-source,real SerialEM integration and per-command behavior pending,generated from MacroMasterList.h
411,CME_REPORTVACUUMGAUGE,SAME_NAME,external,ReportVacuumGauge,ReportVacuumGauge,,1,0,S,PSS_RegularCommand,generated,compile-only,pinned-source,real SerialEM integration and per-command behavior pending,generated from MacroMasterList.h
412,CME_REPORTHIGHVOLTAGE,SAME_NAME,external,ReportHighVoltage,ReportHighVoltage,,0,0,,PSS_RegularCommand,generated,compile-only,pinned-source,real SerialEM integration and per-command behavior pending,generated from MacroMasterList.h
413,CME_SETSLITWIDTH,SAME_NAME,external,SetSlitWidth,SetSlitWidth,,1,0,D,PSS_RegularCommand,generated,compile-only,pinned-source,real SerialEM integration and per-command behavior pending,generated from MacroMasterList.h
414,CME_SETENERGYLOSS,SAME_NAME,external,SetEnergyLoss,SetEnergyLoss,,1,0,D,PSS_RegularCommand,generated,compile-only,pinned-source,real SerialEM integration and per-command behavior pending,generated from MacroMasterList.h
415,CME_CHANGEENERGYLOSS,SAME_FUNC,external,ChangeEnergyLoss,ChangeEnergyLoss,SetEnergyLoss,1,1,D,PSS_RegularCommand,generated,compile-only,pinned-source,real SerialEM integration and per-command behavior pending,generated from MacroMasterList.h
416,CME_SETSLITIN,SAME_NAME,external,SetSlitIn,SetSlitIn,,0,1,i,PSS_RegularCommand,generated,compile-only,pinned-source,real SerialEM integration and per-command behavior pending,generated from MacroMasterList.h
417,CME_REFINEZLP,SAME_NAME,external,RefineZLP,RefineZLP,,0,0,diii,PSS_RegularCommand,generated,compile-only,pinned-source,real SerialEM integration and per-command behavior pending,generated from MacroMasterList.h
418,CME_SELECTCAMERA,SAME_NAME,external,SelectCamera,SelectCamera,,1,0,I,PSS_RegularCommand,generated,compile-only,pinned-source,real SerialEM integration and per-command behavior pending,generated from MacroMasterList.h
419,CME_SETEXPOSURE,SAME_NAME,external,SetExposure,SetExposure,,2,0,SDd,PSS_RegularCommand,generated,compile-only,pinned-source,real SerialEM integration and per-command behavior pending,generated from MacroMasterList.h
420,CME_SETBINNING,SAME_NAME,external,SetBinning,SetBinning,,2,4,SD,PSS_RegularCommand,generated,compile-only,pinned-source,real SerialEM integration and per-command behavior pending,generated from MacroMasterList.h
421,CME_SETCAMERAAREA,SAME_NAME,external,SetCameraArea,SetCameraArea,,2,4,SSiii,PSS_RegularCommand,generated,compile-only,pinned-source,real SerialEM integration and per-command behavior pending,generated from MacroMasterList.h
422,CME_SETCENTEREDSIZE,SAME_NAME,external,SetCenteredSize,SetCenteredSize,,4,4,SDII,PSS_RegularCommand,generated,compile-only,pinned-source,real SerialEM integration and per-command behavior pending,generated from MacroMasterList.h
423,CME_SETEXPOSUREFORMEAN,SAME_NAME,external,SetExposureForMean,SetExposureForMean,,1,0,Di,PSS_RegularCommand,generated,compile-only,pinned-source,real SerialEM integration and per-command behavior pending,generated from MacroMasterList.h
424,CME_SETCONTINUOUS,SAME_NAME,external,SetContinuous,SetContinuous,,2,2,SI,PSS_RegularCommand,generated,compile-only,pinned-source,real SerialEM integration and per-command behavior pending,generated from MacroMasterList.h
425,CME_SETPROCESSING,SAME_NAME,external,SetProcessing,SetProcessing,,2,4,SI,PSS_RegularCommand,generated,compile-only,pinned-source,real SerialEM integration and per-command behavior pending,generated from MacroMasterList.h
426,CME_SETFRAMETIME,SAME_NAME,external,SetFrameTime,SetFrameTime,,2,4,SD,PSS_RegularCommand,generated,compile-only,pinned-source,real SerialEM integration and per-command behavior pending,generated from MacroMasterList.h
427,CME_CHANGEFRAMEANDEXPOSURE,SAME_FUNC,external,ChangeFrameAndExposure,ChangeFrameAndExposure,SetFrameTime,2,1,SD,PSS_RegularCommand,generated,compile-only,pinned-source,real SerialEM integration and per-command behavior pending,generated from MacroMasterList.h
428,CME_SETK2READMODE,SAME_NAME,external,SetK2ReadMode,SetK2ReadMode,,2,4,SI,PSS_RegularCommand,generated,compile-only,pinned-source,real SerialEM integration and per-command behavior pending,generated from MacroMasterList.h
429,CME_SETDOSEFRACPARAMS,SAME_NAME,external,SetDoseFracParams,SetDoseFracParams,,2,4,SIiiii,PSS_RegularCommand,generated,compile-only,pinned-source,real SerialEM integration and per-command behavior pending,generated from MacroMasterList.h
430,CME_SETDECAMFRAMERATE,SAME_NAME,external,SetDECamFrameRate,SetDECamFrameRate,,1,4,D,PSS_RegularCommand,generated,compile-only,pinned-source,real SerialEM integration and per-command behavior pending,generated from MacroMasterList.h
431,CME_USECONTINUOUSFRAMES,SAME_NAME,external,UseContinuousFrames,UseContinuousFrames,,1,4,I,PSS_RegularCommand,generated,compile-only,pinned-source,real SerialEM integration and per-command behavior pending,generated from MacroMasterList.h
432,CME_STOPCONTINUOUS,SAME_NAME,external,StopContinuous,StopContinuous,,0,0,,PSS_RegularCommand,generated,compile-only,pinned-source,real SerialEM integration and per-command behavior pending,generated from MacroMasterList.h
433,CME_REPORTCONTINUOUS,SAME_NAME,external,ReportContinuous,ReportContinuous,,0,4,,PSS_RegularCommand,generated,compile-only,pinned-source,real SerialEM integration and per-command behavior pending,generated from MacroMasterList.h
434,CME_STARTFRAMEWAITTIMER,SAME_NAME,external,StartFrameWaitTimer,StartFrameWaitTimer,,0,4,i,PSS_RegularCommand,generated,compile-only,pinned-source,real SerialEM integration and per-command behavior pending,generated from MacroMasterList.h
435,CME_WAITFORNEXTFRAME,SAME_NAME,external,WaitForNextFrame,WaitForNextFrame,,0,0,ii,PSS_RegularCommand,generated,compile-only,pinned-source,real SerialEM integration and per-command behavior pending,generated from MacroMasterList.h
436,CME_SETLIVESETTLEFRACTION,SAME_NAME,external,SetLiveSettleFraction,SetLiveSettleFraction,,1,4,D,PSS_RegularCommand,generated,compile-only,pinned-source,real SerialEM integration and per-command behavior pending,generated from MacroMasterList.h
437,CME_SETSTEMDETECTORS,SAME_NAME,external,SetSTEMDetectors,SetSTEMDetectors,,2,0,SIiiiiiii,PSS_RegularCommand,generated,compile-only,pinned-source,real SerialEM integration and per-command behavior pending,generated from MacroMasterList.h
438,CME_RESTORECAMERASET,DIFF_NAME,external,RestoreCameraSet,RestoreCameraSet,RestoreCameraSetCmd,0,4,s,PSS_RegularCommand,generated,compile-only,pinned-source,real SerialEM integration and per-command behavior pending,generated from MacroMasterList.h
439,CME_KEEPCAMERASETCHANGES,SAME_NAME,external,KeepCameraSetChanges,KeepCameraSetChanges,,0,4,s,PSS_RegularCommand,generated,compile-only,pinned-source,real SerialEM integration and per-command behavior pending,generated from MacroMasterList.h
440,CME_REPORTK2FILEPARAMS,SAME_NAME,external,ReportK2FileParams,ReportK2FileParams,,0,0,,PSS_RegularCommand,generated,compile-only,pinned-source,real SerialEM integration and per-command behavior pending,generated from MacroMasterList.h
441,CME_SETK2FILEPARAMS,SAME_NAME,external,SetK2FileParams,SetK2FileParams,,1,4,Iiiiii,PSS_RegularCommand,generated,compile-only,pinned-source,real SerialEM integration and per-command behavior pending,generated from MacroMasterList.h
442,CME_REPORTFRAMEALIPARAMS,SAME_NAME,external,ReportFrameAliParams,ReportFrameAliParams,,0,0,,PSS_RegularCommand,generated,compile-only,pinned-source,real SerialEM integration and per-command behavior pending,generated from MacroMasterList.h
443,CME_SETFRAMEALIPARAMS,SAME_FUNC,external,SetFrameAliParams,SetFrameAliParams,ReportFrameAliParams,1,4,Iiiiii,PSS_RegularCommand,generated,compile-only,pinned-source,real SerialEM integration and per-command behavior pending,generated from MacroMasterList.h
444,CME_SETFRAMEALI2,SAME_FUNC,external,SetFrameAli2,SetFrameAli2,ReportFrameAliParams,1,4,Ididdd,PSS_RegularCommand,generated,compile-only,pinned-source,real SerialEM integration and per-command behavior pending,generated from MacroMasterList.h
445,CME_REPORTFRAMEALI2,SAME_FUNC,external,ReportFrameAli2,ReportFrameAli2,ReportFrameAliParams,0,0,,PSS_RegularCommand,generated,compile-only,pinned-source,real SerialEM integration and per-command behavior pending,generated from MacroMasterList.h
446,CME_SETFOLDERFORFRAMES,SAME_NAME,external,SetFolderForFrames,SetFolderForFrames,,1,4,S,PSS_RegularCommand,generated,compile-only,pinned-source,real SerialEM integration and per-command behavior pending,generated from MacroMasterList.h
447,CME_SKIPFRAMEALIPARAMCHECK,SAME_NAME,external,SkipFrameAliParamCheck,SkipFrameAliParamCheck,,0,4,i,PSS_RegularCommand,generated,compile-only,pinned-source,real SerialEM integration and per-command behavior pending,generated from MacroMasterList.h
448,CME_REPORTK3CDSMODE,SAME_NAME,external,ReportK3CDSmode,ReportK3CDSmode,,0,0,,PSS_RegularCommand,generated,compile-only,pinned-source,real SerialEM integration and per-command behavior pending,generated from MacroMasterList.h
449,CME_SETK3CDSMODE,SAME_NAME,external,SetK3CDSmode,SetK3CDSmode,,1,4,Ii,PSS_RegularCommand,generated,compile-only,pinned-source,real SerialEM integration and per-command behavior pending,generated from MacroMasterList.h
450,CME_REPORTCOUNTSCALING,SAME_NAME,external,ReportCountScaling,ReportCountScaling,,0,0,,PSS_RegularCommand,generated,compile-only,pinned-source,real SerialEM integration and per-command behavior pending,generated from MacroMasterList.h
451,CME_SETDIVIDEBY2,SAME_NAME,external,SetDivideBy2,SetDivideBy2,,1,4,I,PSS_RegularCommand,generated,compile-only,pinned-source,real SerialEM integration and per-command behavior pending,generated from MacroMasterList.h
452,CME_REPORTNUMFRAMESSAVED,SAME_NAME,external,ReportNumFramesSaved,ReportNumFramesSaved,,0,0,,PSS_RegularCommand,generated,compile-only,pinned-source,real SerialEM integration and per-command behavior pending,generated from MacroMasterList.h
453,CME_CAMERAPROPERTIES,SAME_NAME,external,CameraProperties,CameraProperties,,0,4,ii,PSS_RegularCommand,generated,compile-only,pinned-source,real SerialEM integration and per-command behavior pending,generated from MacroMasterList.h
454,CME_REPORTCOLUMNORGUNVALVE,SAME_NAME,external,ReportColumnOrGunValve,ReportColumnOrGunValve,,0,0,,PSS_RegularCommand,generated,compile-only,pinned-source,real SerialEM integration and per-command behavior pending,generated from MacroMasterList.h
455,CME_SETCOLUMNORGUNVALVE,SAME_NAME,external,SetColumnOrGunValve,SetColumnOrGunValve,,1,0,I,PSS_RegularCommand,generated,compile-only,pinned-source,real SerialEM integration and per-command behavior pending,generated from MacroMasterList.h
456,CME_REPORTFILAMENTCURRENT,SAME_NAME,external,ReportFilamentCurrent,ReportFilamentCurrent,,0,0,,PSS_RegularCommand,generated,compile-only,pinned-source,real SerialEM integration and per-command behavior pending,generated from MacroMasterList.h
457,CME_SETFILAMENTCURRENT,SAME_NAME,external,SetFilamentCurrent,SetFilamentCurrent,,1,0,D,PSS_RegularCommand,generated,compile-only,pinned-source,real SerialEM integration and per-command behavior pending,generated from MacroMasterList.h
458,CME_ISPVPRUNNING,SAME_NAME,external,IsPVPRunning,IsPVPRunning,,0,4,,PSS_RegularCommand,generated,compile-only,pinned-source,real SerialEM integration and per-command behavior pending,generated from MacroMasterList.h
459,CME_SETBEAMBLANK,SAME_NAME,external,SetBeamBlank,SetBeamBlank,,1,0,I,PSS_RegularCommand,generated,compile-only,pinned-source,real SerialEM integration and per-command behavior pending,generated from MacroMasterList.h
460,CME_MOVETONAVITEM,SAME_NAME,external,MoveToNavItem,MoveToNavItem,,0,0,i,PSS_RegularCommand,generated,compile-only,pinned-source,real SerialEM integration and per-command behavior pending,generated from MacroMasterList.h
461,CME_REALIGNTONAVITEM,SAME_NAME,external,RealignToNavItem,RealignToNavItem,,1,0,Iidii,PSS_RegularCommand,generated,compile-only,pinned-source,real SerialEM integration and per-command behavior pending,generated from MacroMasterList.h
462,CME_REALIGNTOOTHERITEM,SAME_FUNC,external,RealignToOtherItem,RealignToOtherItem,RealignToNavItem,2,0,IIidid,PSS_RegularCommand,generated,compile-only,pinned-source,real SerialEM integration and per-command behavior pending,generated from MacroMasterList.h
463,CME_REALIGNTOMAPDRAWNON,SAME_NAME,external,RealignToMapDrawnOn,RealignToMapDrawnOn,,2,0,II,PSS_RegularCommand,generated,compile-only,pinned-source,real SerialEM integration and per-command behavior pending,generated from MacroMasterList.h
464,CME_GETREALIGNTOITEMERROR,SAME_NAME,external,GetRealignToItemError,GetRealignToItemError,,0,4,,PSS_RegularCommand,generated,compile-only,pinned-source,real SerialEM integration and per-command behavior pending,generated from MacroMasterList.h
465,CME_REPORTNAVITEM,SAME_NAME,external,ReportNavItem,ReportNavItem,,0,4,,PSS_RegularCommand,generated,compile-only,pinned-source,real SerialEM integration and per-command behavior pending,generated from MacroMasterList.h
466,CME_REPORTOTHERITEM,SAME_FUNC,external,ReportOtherItem,ReportOtherItem,ReportNavItem,1,4,I,PSS_RegularCommand,generated,compile-only,pinned-source,real SerialEM integration and per-command behavior pending,generated from MacroMasterList.h
467,CME_LOADNAVMAP,SAME_FUNC,external,LoadNavMap,LoadNavMap,ReportNavItem,0,0,s,PSS_RegularCommand,generated,compile-only,pinned-source,real SerialEM integration and per-command behavior pending,generated from MacroMasterList.h
468,CME_LOADOTHERMAP,SAME_FUNC,external,LoadOtherMap,LoadOtherMap,ReportNavItem,1,0,Is,PSS_RegularCommand,generated,compile-only,pinned-source,real SerialEM integration and per-command behavior pending,generated from MacroMasterList.h
469,CME_REPORTNEXTNAVACQITEM,SAME_FUNC,external,ReportNextNavAcqItem,ReportNextNavAcqItem,ReportNavItem,0,4,,PSS_RegularCommand,generated,compile-only,pinned-source,real SerialEM integration and per-command behavior pending,generated from MacroMasterList.h
470,CME_REPORTITEMACQUIRE,SAME_NAME,external,ReportItemAcquire,ReportItemAcquire,,0,4,i,PSS_RegularCommand,generated,compile-only,pinned-source,real SerialEM integration and per-command behavior pending,generated from MacroMasterList.h
471,CME_SETITEMACQUIRE,SAME_NAME,external,SetItemAcquire,SetItemAcquire,,0,4,ii,PSS_RegularCommand,generated,compile-only,pinned-source,real SerialEM integration and per-command behavior pending,generated from MacroMasterList.h
472,CME_NAVINDEXWITHLABEL,SAME_NAME,external,NavIndexWithLabel,NavIndexWithLabel,,1,4,S,PSS_RegularCommand,generated,compile-only,pinned-source,real SerialEM integration and per-command behavior pending,generated from MacroMasterList.h
473,CME_NAVINDEXWITHNOTE,SAME_FUNC,external,NavIndexWithNote,NavIndexWithNote,NavIndexWithLabel,1,4,S,PSS_RegularCommand,generated,compile-only,pinned-source,real SerialEM integration and per-command behavior pending,generated from MacroMasterList.h
474,CME_NAVINDEXITEMDRAWNON,SAME_NAME,external,NavIndexItemDrawnOn,NavIndexItemDrawnOn,,1,4,I,PSS_RegularCommand,generated,compile-only,pinned-source,real SerialEM integration and per-command behavior pending,generated from MacroMasterList.h
475,CME_NAVITEMFILETOOPEN,SAME_NAME,external,NavItemFileToOpen,NavItemFileToOpen,,1,4,I,PSS_RegularCommand,generated,compile-only,pinned-source,real SerialEM integration and per-command behavior pending,generated from MacroMasterList.h
476,CME_SETNAVITEMUSERVALUE,SAME_NAME,external,SetNavItemUserValue,SetNavItemUserValue,,2,6,IIs,PSS_RegularCommand,generated,compile-only,pinned-source,real SerialEM integration and per-command behavior pending,generated from MacroMasterList.h
477,CME_REPORTITEMUSERVALUE,SAME_FUNC,external,ReportItemUserValue,ReportItemUserValue,SetNavItemUserValue,2,0,II,PSS_RegularCommand,generated,compile-only,pinned-source,real SerialEM integration and per-command behavior pending,generated from MacroMasterList.h
478,CME_SETMAPACQUIRESTATE,SAME_NAME,external,SetMapAcquireState,SetMapAcquireState,,1,0,I,PSS_RegularCommand,generated,compile-only,pinned-source,real SerialEM integration and per-command behavior pending,generated from MacroMasterList.h
479,CME_RESTORESTATE,SAME_NAME,external,RestoreState,RestoreState,,0,0,i,PSS_RegularCommand,generated,compile-only,pinned-source,real SerialEM integration and per-command behavior pending,generated from MacroMasterList.h
480,CME_REPORTNUMNAVACQUIRE,SAME_NAME,external,ReportNumNavAcquire,ReportNumNavAcquire,,0,0,,PSS_RegularCommand,generated,compile-only,pinned-source,real SerialEM integration and per-command behavior pending,generated from MacroMasterList.h
481,CME_REPORTNUMHOLEACQUIRE,SAME_NAME,external,ReportNumHoleAcquire,ReportNumHoleAcquire,,0,0,iii,PSS_RegularCommand,generated,compile-only,pinned-source,real SerialEM integration and per-command behavior pending,generated from MacroMasterList.h
482,CME_REPORTNUMTABLEITEMS,SAME_NAME,external,ReportNumTableItems,ReportNumTableItems,,0,4,,PSS_RegularCommand,generated,compile-only,pinned-source,real SerialEM integration and per-command behavior pending,generated from MacroMasterList.h
483,CME_SETNAVREGISTRATION,SAME_NAME,external,SetNavRegistration,SetNavRegistration,,1,4,I,PSS_RegularCommand,generated,compile-only,pinned-source,real SerialEM integration and per-command behavior pending,generated from MacroMasterList.h
484,CME_SAVENAVIGATOR,SAME_NAME,external,SaveNavigator,SaveNavigator,,0,4,s,PSS_RegularCommand,generated,compile-only,pinned-source,real SerialEM integration and per-command behavior pending,generated from MacroMasterList.h
485,CME_REPORTIFNAVOPEN,SAME_NAME,external,ReportIfNavOpen,ReportIfNavOpen,,0,4,,PSS_RegularCommand,generated,compile-only,pinned-source,real SerialEM integration and per-command behavior pending,generated from MacroMasterList.h
486,CME_READNAVFILE,SAME_NAME,external,ReadNavFile,ReadNavFile,,1,4,S,PSS_RegularCommand,generated,compile-only,pinned-source,real SerialEM integration and per-command behavior pending,generated from MacroMasterList.h
487,CME_MERGENAVFILE,SAME_FUNC,external,MergeNavFile,MergeNavFile,ReadNavFile,1,4,S,PSS_RegularCommand,generated,compile-only,pinned-source,real SerialEM integration and per-command behavior pending,generated from MacroMasterList.h
488,CME_CLOSENAVIGATOR,SAME_NAME,external,CloseNavigator,CloseNavigator,,0,0,,PSS_RegularCommand,generated,compile-only,pinned-source,real SerialEM integration and per-command behavior pending,generated from MacroMasterList.h
489,CME_OPENNAVIGATOR,SAME_NAME,external,OpenNavigator,OpenNavigator,,0,0,s,PSS_RegularCommand,generated,compile-only,pinned-source,real SerialEM integration and per-command behavior pending,generated from MacroMasterList.h
490,CME_CHANGEITEMREGISTRATION,SAME_NAME,external,ChangeItemRegistration,ChangeItemRegistration,,2,5,II,PSS_RegularCommand,generated,compile-only,pinned-source,real SerialEM integration and per-command behavior pending,generated from MacroMasterList.h
491,CME_CHANGEITEMCOLOR,SAME_FUNC,external,ChangeItemColor,ChangeItemColor,ChangeItemRegistration,2,4,II,PSS_RegularCommand,generated,compile-only,pinned-source,real SerialEM integration and per-command behavior pending,generated from MacroMasterList.h
492,CME_CHANGEITEMLABEL,SAME_FUNC,external,ChangeItemLabel,ChangeItemLabel,ChangeItemRegistration,2,4,IS,PSS_RegularCommand,generated,compile-only,pinned-source,real SerialEM integration and per-command behavior pending,generated from MacroMasterList.h
493,CME_CHANGEITEMNOTE,SAME_FUNC,external,ChangeItemNote,ChangeItemNote,ChangeItemRegistration,1,4,Is,PSS_RegularCommand,generated,compile-only,pinned-source,real SerialEM integration and per-command behavior pending,generated from MacroMasterList.h
494,CME_SETITEMTARGETDEFOCUS,SAME_NAME,external,SetItemTargetDefocus,SetItemTargetDefocus,,2,4,ID,PSS_RegularCommand,generated,compile-only,pinned-source,real SerialEM integration and per-command behavior pending,generated from MacroMasterList.h
495,CME_SETITEMSERIESANGLES,SAME_NAME,external,SetItemSeriesAngles,SetItemSeriesAngles,,3,4,IDDd,PSS_RegularCommand,generated,compile-only,pinned-source,real SerialEM integration and per-command behavior pending,generated from MacroMasterList.h
496,CME_SKIPACQUIRINGNAVITEM,SAME_NAME,external,SkipAcquiringNavItem,SkipAcquiringNavItem,,0,4,,PSS_RegularCommand,generated,compile-only,pinned-source,real SerialEM integration and per-command behavior pending,generated from MacroMasterList.h
497,CME_SKIPACQUIRINGGROUP,SAME_NAME,external,SkipAcquiringGroup,SkipAcquiringGroup,,0,4,ii,PSS_RegularCommand,generated,compile-only,pinned-source,real SerialEM integration and per-command behavior pending,generated from MacroMasterList.h
498,CME_SKIPMOVEINNAVACQUIRE,SAME_NAME,external,SkipMoveInNavAcquire,SkipMoveInNavAcquire,,0,4,i,PSS_RegularCommand,generated,compile-only,pinned-source,real SerialEM integration and per-command behavior pending,generated from MacroMasterList.h
499,CME_SUSPENDNAVREDRAW,SAME_NAME,external,SuspendNavRedraw,SuspendNavRedraw,,0,4,i,PSS_RegularCommand,generated,compile-only,pinned-source,real SerialEM integration and per-command behavior pending,generated from MacroMasterList.h
500,CME_STARTNAVACQUIREATEND,SAME_NAME,external,StartNavAcquireAtEnd,StartNavAcquireAtEnd,,0,0,,PSS_RegularCommand,generated,compile-only,pinned-source,real SerialEM integration and per-command behavior pending,generated from MacroMasterList.h
501,CME_SUFFIXFOREXTRAFILE,SAME_NAME,external,SuffixForExtraFile,SuffixForExtraFile,,1,4,Sssssss,PSS_RegularCommand,generated,compile-only,pinned-source,real SerialEM integration and per-command behavior pending,generated from MacroMasterList.h
502,CME_ITEMFORSUPERCOORD,SAME_NAME,external,ItemForSuperCoord,ItemForSuperCoord,,1,4,I,PSS_RegularCommand,generated,compile-only,pinned-source,real SerialEM integration and per-command behavior pending,generated from MacroMasterList.h
503,CME_UPDATEITEMZ,SAME_NAME,external,UpdateItemZ,UpdateItemZ,,0,4,i,PSS_RegularCommand,generated,compile-only,pinned-source,real SerialEM integration and per-command behavior pending,generated from MacroMasterList.h
504,CME_UPDATEGROUPZ,SAME_FUNC,external,UpdateGroupZ,UpdateGroupZ,UpdateItemZ,0,4,i,PSS_RegularCommand,generated,compile-only,pinned-source,real SerialEM integration and per-command behavior pending,generated from MacroMasterList.h
505,CME_REPORTGROUPSTATUS,SAME_NAME,external,ReportGroupStatus,ReportGroupStatus,,0,0,,PSS_RegularCommand,generated,compile-only,pinned-source,real SerialEM integration and per-command behavior pending,generated from MacroMasterList.h
506,CME_REPORTITEMIMAGECOORDS,SAME_NAME,external,ReportItemImageCoords,ReportItemImageCoords,,0,4,is,PSS_RegularCommand,generated,compile-only,pinned-source,real SerialEM integration and per-command behavior pending,generated from MacroMasterList.h
507,CME_NEWMAP,SAME_NAME,external,NewMap,NewMap,,0,0,is,PSS_RegularCommand,generated,compile-only,pinned-source,real SerialEM integration and per-command behavior pending,generated from MacroMasterList.h
508,CME_MAKEANCHORMAP,SAME_NAME,external,MakeAnchorMap,MakeAnchorMap,,0,0,,PSS_RegularCommand,generated,compile-only,pinned-source,real SerialEM integration and per-command behavior pending,generated from MacroMasterList.h
509,CME_SHIFTITEMSBYALIGNMENT,SAME_NAME,external,ShiftItemsByAlignment,ShiftItemsByAlignment,,0,4,,PSS_RegularCommand,generated,compile-only,pinned-source,real SerialEM integration and per-command behavior pending,generated from MacroMasterList.h
510,CME_SHIFTITEMSBYCURRENTDIFF,SAME_NAME,external,ShiftItemsByCurrentDiff,ShiftItemsByCurrentDiff,,1,4,D,PSS_RegularCommand,generated,compile-only,pinned-source,real SerialEM integration and per-command behavior pending,generated from MacroMasterList.h
511,CME_SHIFTITEMSBYMICRONS,SAME_NAME,external,ShiftItemsByMicrons,ShiftItemsByMicrons,,2,5,DDii,PSS_RegularCommand,generated,compile-only,pinned-source,real SerialEM integration and per-command behavior pending,generated from MacroMasterList.h
512,CME_ALIGNANDTRANSFORMITEMS,SAME_NAME,external,AlignAndTransformItems,AlignAndTransformItems,,2,0,DDd,PSS_RegularCommand,generated,compile-only,pinned-source,real SerialEM integration and per-command behavior pending,generated from MacroMasterList.h
513,CME_FORCECENTERREALIGN,SAME_NAME,external,ForceCenterRealign,ForceCenterRealign,,0,4,,PSS_RegularCommand,generated,compile-only,pinned-source,real SerialEM integration and per-command behavior pending,generated from MacroMasterList.h
514,CME_SKIPPIECESOUTSIDEITEM,SAME_NAME,external,SkipPiecesOutsideItem,SkipPiecesOutsideItem,,1,4,I,PSS_RegularCommand,generated,compile-only,pinned-source,real SerialEM integration and per-command behavior pending,generated from MacroMasterList.h
515,CME_FINDHOLES,SAME_NAME,external,FindHoles,FindHoles,,0,0,sss,PSS_RegularCommand,generated,compile-only,pinned-source,real SerialEM integration and per-command behavior pending,generated from MacroMasterList.h
516,CME_MAKENAVPOINTSATHOLES,SAME_NAME,external,MakeNavPointsAtHoles,MakeNavPointsAtHoles,,0,4,idddddi,PSS_RegularCommand,generated,compile-only,pinned-source,real SerialEM integration and per-command behavior pending,generated from MacroMasterList.h
517,CME_CLEARHOLEFINDER,SAME_NAME,external,ClearHoleFinder,ClearHoleFinder,,0,4,,PSS_RegularCommand,generated,compile-only,pinned-source,real SerialEM integration and per-command behavior pending,generated from MacroMasterList.h
518,CME_COMBINEHOLESTOMULTI,SAME_NAME,external,CombineHolesToMulti,CombineHolesToMulti,,1,4,Iiii,PSS_RegularCommand,generated,compile-only,pinned-source,real SerialEM integration and per-command behavior pending,generated from MacroMasterList.h
519,CME_UNDOHOLECOMBINING,SAME_NAME,external,UndoHoleCombining,UndoHoleCombining,,0,4,,PSS_RegularCommand,generated,compile-only,pinned-source,real SerialEM integration and per-command behavior pending,generated from MacroMasterList.h
520,CME_SETHELPERPARAMS,SAME_NAME,external,SetHelperParams,SetHelperParams,,1,4,Dddd,PSS_RegularCommand,generated,compile-only,pinned-source,real SerialEM integration and per-command behavior pending,generated from MacroMasterList.h
521,CME_SETMONTAGEPARAMS,SAME_NAME,external,SetMontageParams,SetMontageParams,,1,4,Iiiiiidd,PSS_RegularCommand,generated,compile-only,pinned-source,real SerialEM integration and per-command behavior pending,generated from MacroMasterList.h
522,CME_MANUALFILMEXPOSURE,SAME_NAME,external,ManualFilmExposure,ManualFilmExposure,,1,1,D,PSS_RegularCommand,generated,compile-only,pinned-source,real SerialEM integration and per-command behavior pending,generated from MacroMasterList.h
523,CME_EXPOSEFILM,SAME_NAME,external,ExposeFilm,ExposeFilm,,0,1,,PSS_RegularCommand,generated,compile-only,pinned-source,real SerialEM integration and per-command behavior pending,generated from MacroMasterList.h
524,CME_SPECIALEXPOSEFILM,SAME_FUNC,external,SpecialExposeFilm,SpecialExposeFilm,ExposeFilm,1,1,Ddi,PSS_RegularCommand,generated,compile-only,pinned-source,real SerialEM integration and per-command behavior pending,generated from MacroMasterList.h
525,CME_GOTOLOWDOSEAREA,SAME_NAME,external,GoToLowDoseArea,GoToLowDoseArea,,1,0,S,PSS_RegularCommand,generated,compile-only,pinned-source,real SerialEM integration and per-command behavior pending,generated from MacroMasterList.h
526,CME_SETLDCONTINUOUSUPDATE,SAME_NAME,external,SetLDContinuousUpdate,SetLDContinuousUpdate,,1,4,I,PSS_RegularCommand,generated,compile-only,pinned-source,real SerialEM integration and per-command behavior pending,generated from MacroMasterList.h
527,CME_SETLOWDOSEMODE,SAME_NAME,external,SetLowDoseMode,SetLowDoseMode,,1,0,I,PSS_RegularCommand,generated,compile-only,pinned-source,real SerialEM integration and per-command behavior pending,generated from MacroMasterList.h
528,CME_SETAXISPOSITION,SAME_NAME,external,SetAxisPosition,SetAxisPosition,,2,0,SDdi,PSS_RegularCommand,generated,compile-only,pinned-source,real SerialEM integration and per-command behavior pending,generated from MacroMasterList.h
529,CME_REPORTAXISPOSITION,SAME_FUNC,external,ReportAxisPosition,ReportAxisPosition,SetAxisPosition,1,0,S,PSS_RegularCommand,generated,compile-only,pinned-source,real SerialEM integration and per-command behavior pending,generated from MacroMasterList.h
530,CME_REPORTLOWDOSE,SAME_NAME,external,ReportLowDose,ReportLowDose,,0,4,,PSS_RegularCommand,generated,compile-only,pinned-source,real SerialEM integration and per-command behavior pending,generated from MacroMasterList.h
531,CME_CURRENTSETTINGSTOLDAREA,SAME_NAME,external,CurrentSettingsToLDArea,CurrentSettingsToLDArea,,1,0,S,PSS_RegularCommand,generated,compile-only,pinned-source,real SerialEM integration and per-command behavior pending,generated from MacroMasterList.h
532,CME_UPDATELOWDOSEPARAMS,SAME_NAME,external,UpdateLowDoseParams,UpdateLowDoseParams,,1,0,Si,PSS_RegularCommand,generated,compile-only,pinned-source,real SerialEM integration and per-command behavior pending,generated from MacroMasterList.h
533,CME_RESTORELOWDOSEPARAMS,DIFF_NAME,external,RestoreLowDoseParams,RestoreLowDoseParams,RestoreLowDoseParamsCmd,0,0,s,PSS_RegularCommand,generated,compile-only,pinned-source,real SerialEM integration and per-command behavior pending,generated from MacroMasterList.h
534,CME_SETLDADDEDBEAMBUTTON,SAME_NAME,external,SetLDAddedBeamButton,SetLDAddedBeamButton,,0,4,i,PSS_RegularCommand,generated,compile-only,pinned-source,real SerialEM integration and per-command behavior pending,generated from MacroMasterList.h
535,CME_SHOWMESSAGEONSCOPE,SAME_NAME,external,ShowMessageOnScope,ShowMessageOnScope,,1,0,S,PSS_RegularCommand,generated,compile-only,pinned-source,real SerialEM integration and per-command behavior pending,generated from MacroMasterList.h
536,CME_SETUPSCOPEMESSAGE,SAME_NAME,external,SetupScopeMessage,SetupScopeMessage,,1,6,Ids,PSS_RegularCommand,generated,compile-only,pinned-source,real SerialEM integration and per-command behavior pending,generated from MacroMasterList.h
537,CME_UPDATEHWDARKREF,SAME_NAME,external,UpdateHWDarkRef,UpdateHWDarkRef,,1,1,D,PSS_RegularCommand,generated,compile-only,pinned-source,real SerialEM integration and per-command behavior pending,generated from MacroMasterList.h
538,CME_LONGOPERATION,SAME_NAME,external,LongOperation,LongOperation,,1,1,Sssssssssssssssssss,PSS_RegularCommand,generated,compile-only,pinned-source,real SerialEM integration and per-command behavior pending,generated from MacroMasterList.h
539,CME_NEWDESERVERDARKREF,SAME_NAME,external,NewDEserverDarkRef,NewDEserverDarkRef,,2,0,ID,PSS_RegularCommand,generated,compile-only,pinned-source,real SerialEM integration and per-command behavior pending,generated from MacroMasterList.h
540,CME_RUNINSHELL,SAME_NAME,external,RunInShell,RunInShell,,1,0,S,PSS_RegularCommand,generated,compile-only,pinned-source,real SerialEM integration and per-command behavior pending,generated from MacroMasterList.h
541,CME_NEXTPROCESSARGS,SAME_NAME,external,NextProcessArgs,NextProcessArgs,,1,4,Sssssssssssssssssss,PSS_RegularCommand,generated,compile-only,pinned-source,real SerialEM integration and per-command behavior pending,generated from MacroMasterList.h
542,CME_CREATEPROCESS,SAME_NAME,external,CreateProcess,CreateProcess,,1,0,S,PSS_RegularCommand,generated,compile-only,pinned-source,real SerialEM integration and per-command behavior pending,generated from MacroMasterList.h
543,CME_EXTERNALTOOLARGPLACE,SAME_NAME,external,ExternalToolArgPlace,ExternalToolArgPlace,,1,0,I,PSS_RegularCommand,generated,compile-only,pinned-source,real SerialEM integration and per-command behavior pending,generated from MacroMasterList.h
544,CME_RUNEXTERNALTOOL,SAME_NAME,external,RunExternalTool,RunExternalTool,,1,0,S,PSS_RegularCommand,generated,compile-only,pinned-source,real SerialEM integration and per-command behavior pending,generated from MacroMasterList.h
545,CME_SAVEFOCUS,SAME_NAME,external,SaveFocus,SaveFocus,,0,4,,PSS_RegularCommand,generated,compile-only,pinned-source,real SerialEM integration and per-command behavior pending,generated from MacroMasterList.h
546,CME_RESTOREFOCUS,SAME_NAME,external,RestoreFocus,RestoreFocus,,0,4,,PSS_RegularCommand,generated,compile-only,pinned-source,real SerialEM integration and per-command behavior pending,generated from MacroMasterList.h
547,CME_SAVEBEAMTILT,SAME_NAME,external,SaveBeamTilt,SaveBeamTilt,,0,4,,PSS_RegularCommand,generated,compile-only,pinned-source,real SerialEM integration and per-command behavior pending,generated from MacroMasterList.h
548,CME_RESTOREBEAMTILT,SAME_NAME,external,RestoreBeamTilt,RestoreBeamTilt,,0,0,,PSS_RegularCommand,generated,compile-only,pinned-source,real SerialEM integration and per-command behavior pending,generated from MacroMasterList.h
549,CME_SELECTPIEZO,SAME_NAME,external,SelectPiezo,SelectPiezo,,2,0,II,PSS_RegularCommand,generated,compile-only,pinned-source,real SerialEM integration and per-command behavior pending,generated from MacroMasterList.h
550,CME_REPORTPIEZOXY,SAME_NAME,external,ReportPiezoXY,ReportPiezoXY,,0,0,,PSS_RegularCommand,generated,compile-only,pinned-source,real SerialEM integration and per-command behavior pending,generated from MacroMasterList.h
551,CME_REPORTPIEZOZ,SAME_NAME,external,ReportPiezoZ,ReportPiezoZ,,0,0,,PSS_RegularCommand,generated,compile-only,pinned-source,real SerialEM integration and per-command behavior pending,generated from MacroMasterList.h
552,CME_MOVEPIEZOXY,SAME_NAME,external,MovePiezoXY,MovePiezoXY,,2,1,DDi,PSS_RegularCommand,generated,compile-only,pinned-source,real SerialEM integration and per-command behavior pending,generated from MacroMasterList.h
553,CME_MOVEPIEZOZ,SAME_NAME,external,MovePiezoZ,MovePiezoZ,,1,1,Di,PSS_RegularCommand,generated,compile-only,pinned-source,real SerialEM integration and per-command behavior pending,generated from MacroMasterList.h
554,CME_SETFLOATVARIABLE,SAME_FUNC,external,SetFloatVariable,SetFloatVariable,SetVariableCmd,2,0,SDi,PSS_RegularCommand,generated,compile-only,pinned-source,real SerialEM integration and per-command behavior pending,generated from MacroMasterList.h
555,CME_PYTHONSCRIPT,SAME_NAME,internal-only,PythonScript,,,0,0,,,enum-only,parser-count,pinned-source,not externally callable,enum-only entry; retained for CME numbering
556,CME_ENDPYTHONSCRIPT,SAME_FUNC,internal-only,EndPythonScript,,NoOperation,1,4,,,enum-only,parser-count,pinned-source,not externally callable,enum-only entry; retained for CME numbering
557,CME_FINDSCRIPTBYNAME,SAME_NAME,internal-only,FindScriptByName,,,1,4,,,enum-only,parser-count,pinned-source,not externally callable,enum-only entry; retained for CME numbering
558,CME_REPORTFEGEMISSIONSTATE,SAME_NAME,external,ReportFEGEmissionState,ReportFEGEmissionState,,0,4,,PSS_RegularCommand,generated,compile-only,pinned-source,real SerialEM integration and per-command behavior pending,generated from MacroMasterList.h
559,CME_SETFEGEMISSIONSTATE,SAME_NAME,external,SetFEGEmissionState,SetFEGEmissionState,,1,4,I,PSS_RegularCommand,generated,compile-only,pinned-source,real SerialEM integration and per-command behavior pending,generated from MacroMasterList.h
560,CME_SETIMAGEBEAMTILT,SAME_NAME,external,SetImageBeamTilt,SetImageBeamTilt,,2,0,DD,PSS_RegularCommand,generated,compile-only,pinned-source,real SerialEM integration and per-command behavior pending,generated from MacroMasterList.h
561,CME_REPORTIMAGEBEAMTILT,SAME_NAME,external,ReportImageBeamTilt,ReportImageBeamTilt,,0,0,,PSS_RegularCommand,generated,compile-only,pinned-source,real SerialEM integration and per-command behavior pending,generated from MacroMasterList.h
562,CME_SETCONDENSERSTIGMATOR,SAME_NAME,external,SetCondenserStigmator,SetCondenserStigmator,,2,0,DD,PSS_RegularCommand,generated,compile-only,pinned-source,real SerialEM integration and per-command behavior pending,generated from MacroMasterList.h
563,CME_REPORTCURRENTBUFFER,SAME_NAME,external,ReportCurrentBuffer,ReportCurrentBuffer,,0,0,,PSS_RegularCommand,generated,compile-only,pinned-source,real SerialEM integration and per-command behavior pending,generated from MacroMasterList.h
564,CME_CHANGEITEMDRAW,SAME_FUNC,external,ChangeItemDraw,ChangeItemDraw,ChangeItemRegistration,1,4,Ii,PSS_RegularCommand,generated,compile-only,pinned-source,real SerialEM integration and per-command behavior pending,generated from MacroMasterList.h
565,CME_ISFEGFLASHINGADVISED,SAME_NAME,external,IsFEGFlashingAdvised,IsFEGFlashingAdvised,,1,4,I,PSS_RegularCommand,generated,compile-only,pinned-source,real SerialEM integration and per-command behavior pending,generated from MacroMasterList.h
566,CME_NEXTFEGFLASHHIGHTEMP,SAME_NAME,external,NextFEGFlashHighTemp,NextFEGFlashHighTemp,,0,4,i,PSS_RegularCommand,generated,compile-only,pinned-source,real SerialEM integration and per-command behavior pending,generated from MacroMasterList.h
567,CME_SIMPLEORIGINSTATUS,SAME_NAME,external,SimpleOriginStatus,SimpleOriginStatus,,0,4,,PSS_RegularCommand,generated,compile-only,pinned-source,real SerialEM integration and per-command behavior pending,generated from MacroMasterList.h
568,CME_ALIGNTOTEMPLATE,SAME_NAME,external,AlignToTemplate,AlignToTemplate,,0,0,ddiis,PSS_RegularCommand,generated,compile-only,pinned-source,real SerialEM integration and per-command behavior pending,generated from MacroMasterList.h
569,CME_MANAGEDEWARSANDPUMPS,SAME_NAME,external,ManageDewarsAndPumps,ManageDewarsAndPumps,,0,0,i,PSS_RegularCommand,generated,compile-only,pinned-source,real SerialEM integration and per-command behavior pending,generated from MacroMasterList.h
570,CME_IMAGEMETADATATOVAR,SAME_NAME,external,ImageMetadataToVar,ImageMetadataToVar,,2,4,SS,PSS_RegularCommand,generated,compile-only,pinned-source,real SerialEM integration and per-command behavior pending,generated from MacroMasterList.h
571,CME_REPORTHOLEFINDERPARAMS,SAME_NAME,external,ReportHoleFinderParams,ReportHoleFinderParams,,0,4,,PSS_RegularCommand,generated,compile-only,pinned-source,real SerialEM integration and per-command behavior pending,generated from MacroMasterList.h
572,CME_REPORTDIFFRACTIONSHIFT,SAME_NAME,external,ReportDiffractionShift,ReportDiffractionShift,,0,0,,PSS_RegularCommand,generated,compile-only,pinned-source,real SerialEM integration and per-command behavior pending,generated from MacroMasterList.h
573,CME_SETDIFFRACTIONSHIFT,SAME_NAME,external,SetDiffractionShift,SetDiffractionShift,,2,0,DD,PSS_RegularCommand,generated,compile-only,pinned-source,real SerialEM integration and per-command behavior pending,generated from MacroMasterList.h
574,CME_REPORTEXPOSURE,SAME_NAME,external,ReportExposure,ReportExposure,,1,4,S,PSS_RegularCommand,generated,compile-only,pinned-source,real SerialEM integration and per-command behavior pending,generated from MacroMasterList.h
575,CME_REPORTBINNING,SAME_NAME,external,ReportBinning,ReportBinning,,1,4,S,PSS_RegularCommand,generated,compile-only,pinned-source,real SerialEM integration and per-command behavior pending,generated from MacroMasterList.h
576,CME_REPORTREADMODE,SAME_NAME,external,ReportReadMode,ReportReadMode,,1,4,S,PSS_RegularCommand,generated,compile-only,pinned-source,real SerialEM integration and per-command behavior pending,generated from MacroMasterList.h
577,CME_REPORTCAMERASETAREA,SAME_NAME,external,ReportCameraSetArea,ReportCameraSetArea,,1,4,S,PSS_RegularCommand,generated,compile-only,pinned-source,real SerialEM integration and per-command behavior pending,generated from MacroMasterList.h
578,CME_REPORTCURRENTPIXELSIZE,SAME_NAME,external,ReportCurrentPixelSize,ReportCurrentPixelSize,,1,4,S,PSS_RegularCommand,generated,compile-only,pinned-source,real SerialEM integration and per-command behavior pending,generated from MacroMasterList.h
579,CME_SETSIMPLEORIGINACTIVE,SAME_NAME,external,SetSimpleOriginActive,SetSimpleOriginActive,,1,4,I,PSS_RegularCommand,generated,compile-only,pinned-source,real SerialEM integration and per-command behavior pending,generated from MacroMasterList.h
580,CME_SETFRAMEBASENAME,SAME_NAME,external,SetFrameBaseName,SetFrameBaseName,,4,4,IIIS,PSS_RegularCommand,generated,compile-only,pinned-source,real SerialEM integration and per-command behavior pending,generated from MacroMasterList.h
581,CME_AUTOCORRPEAKVECTORS,SAME_NAME,external,AutoCorrPeakVectors,AutoCorrPeakVectors,,2,4,SDii,PSS_RegularCommand,generated,compile-only,pinned-source,real SerialEM integration and per-command behavior pending,generated from MacroMasterList.h
582,CME_REPORTCONDENSERSTIGMATOR,SAME_NAME,external,ReportCondenserStigmator,ReportCondenserStigmator,,0,0,,PSS_RegularCommand,generated,compile-only,pinned-source,real SerialEM integration and per-command behavior pending,generated from MacroMasterList.h
583,CME_ADDTITLETOFILE,SAME_NAME,external,AddTitleToFile,AddTitleToFile,,2,4,IS,PSS_RegularCommand,generated,compile-only,pinned-source,real SerialEM integration and per-command behavior pending,generated from MacroMasterList.h
584,CME_REPORTLASTHOLEVECTORS,SAME_NAME,external,ReportLastHoleVectors,ReportLastHoleVectors,,1,4,I,PSS_RegularCommand,generated,compile-only,pinned-source,real SerialEM integration and per-command behavior pending,generated from MacroMasterList.h
585,CME_REPORTACTIVEVIEWTITLE,SAME_NAME,external,ReportActiveViewTitle,ReportActiveViewTitle,,0,4,,PSS_RegularCommand,generated,compile-only,pinned-source,real SerialEM integration and per-command behavior pending,generated from MacroMasterList.h
586,CME_SETACTIVEVIEWBYTITLE,SAME_NAME,external,SetActiveViewByTitle,SetActiveViewByTitle,,1,4,S,PSS_RegularCommand,generated,compile-only,pinned-source,real SerialEM integration and per-command behavior pending,generated from MacroMasterList.h
587,CME_LIMITNEXTROUGHEUCEN,SAME_NAME,external,LimitNextRoughEucen,LimitNextRoughEucen,,1,5,D,PSS_RegularCommand,generated,compile-only,pinned-source,real SerialEM integration and per-command behavior pending,generated from MacroMasterList.h
588,CME_REPORTROUGHEUCENFAILED,SAME_NAME,external,ReportRoughEucenFailed,ReportRoughEucenFailed,,0,4,,PSS_RegularCommand,generated,compile-only,pinned-source,real SerialEM integration and per-command behavior pending,generated from MacroMasterList.h
589,CME_RunGatanScript,SAME_NAME,external,RunGatanScript,RunGatanScript,,1,0,Sd,PSS_RegularCommand,generated,compile-only,pinned-source,real SerialEM integration and per-command behavior pending,generated from MacroMasterList.h
590,CME_ECHOBREAKLINES,SAME_FUNC,external,EchoBreakLines,EchoBreakLines,Echo,0,4,s,PSS_RegularCommand,generated,compile-only,pinned-source,real SerialEM integration and per-command behavior pending,generated from MacroMasterList.h
591,CME_NOLINEWRAPINMESSAGEBOX,SAME_NAME,external,NoLineWrapInMessageBox,NoLineWrapInMessageBox,,0,4,i,PSS_RegularCommand,generated,compile-only,pinned-source,real SerialEM integration and per-command behavior pending,generated from MacroMasterList.h
592,CME_REPORTROTATIONPROBLEMS,SAME_NAME,external,ReportRotationProblems,ReportRotationProblems,,0,4,,PSS_RegularCommand,generated,compile-only,pinned-source,real SerialEM integration and per-command behavior pending,generated from MacroMasterList.h
593,CME_USEHOLEVECTORSFORMULTI,SAME_FUNC,external,UseHoleVectorsForMulti,UseHoleVectorsForMulti,ReportLastHoleVectors,0,4,i,PSS_RegularCommand,generated,compile-only,pinned-source,real SerialEM integration and per-command behavior pending,generated from MacroMasterList.h
594,CME_RUNSCRIPTAFTERNAVACQUIRE,SAME_FUNC,external,RunScriptAfterNavAcquire,RunScriptAfterNavAcquire,DoMacro,1,4,I,PSS_RegularCommand,generated,compile-only,pinned-source,real SerialEM integration and per-command behavior pending,generated from MacroMasterList.h
595,CME_LOADSCRIPTPACKATEND,SAME_NAME,external,LoadScriptPackAtEnd,LoadScriptPackAtEnd,,2,4,IS,PSS_RegularCommand,generated,compile-only,pinned-source,real SerialEM integration and per-command behavior pending,generated from MacroMasterList.h
596,CME_CONVERTTOBYTES,SAME_NAME,external,ConvertToBytes,ConvertToBytes,,1,4,Sdd,PSS_RegularCommand,generated,compile-only,pinned-source,real SerialEM integration and per-command behavior pending,generated from MacroMasterList.h
597,CME_PASTEIMAGESTOGETHER,SAME_NAME,external,PasteImagesTogether,PasteImagesTogether,,3,4,SSSi,PSS_RegularCommand,generated,compile-only,pinned-source,real SerialEM integration and per-command behavior pending,generated from MacroMasterList.h
598,CME_SCALEDSPECTRUM,SAME_NAME,external,ScaledSpectrum,ScaledSpectrum,,2,4,SI,PSS_RegularCommand,generated,compile-only,pinned-source,real SerialEM integration and per-command behavior pending,generated from MacroMasterList.h
599,CME_SPECTRUMBESIDEIMAGE,SAME_FUNC,external,SpectrumBesideImage,SpectrumBesideImage,ScaledSpectrum,2,4,SI,PSS_RegularCommand,generated,compile-only,pinned-source,real SerialEM integration and per-command behavior pending,generated from MacroMasterList.h
600,CME_CHECKSTAGETOCAMERA,SAME_NAME,external,CheckStageToCamera,CheckStageToCamera,,0,4,ddi,PSS_RegularCommand,generated,compile-only,pinned-source,real SerialEM integration and per-command behavior pending,generated from MacroMasterList.h
601,CME_RUNSCRIPTINFILE,SAME_FUNC,internal-only,RunScriptInFile,,GetFileInWatchedDir,1,0,,,enum-only,parser-count,pinned-source,not externally callable,enum-only entry; retained for CME numbering
602,CME_RUNSERIALEMSNAPSHOT,SAME_FUNC,internal-only,RunSerialEMSnapshot,,GetFileInWatchedDir,0,0,,,enum-only,parser-count,pinned-source,not externally callable,enum-only entry; retained for CME numbering
603,CME_IMAGECONDITIONS,SAME_NAME,external,ImageConditions,ImageConditions,,1,4,S,PSS_RegularCommand,generated,compile-only,pinned-source,real SerialEM integration and per-command behavior pending,generated from MacroMasterList.h
604,CME_ACCUMULATERECORDDOSE,SAME_NAME,external,AccumulateRecordDose,AccumulateRecordDose,,1,4,D,PSS_RegularCommand,generated,compile-only,pinned-source,real SerialEM integration and per-command behavior pending,generated from MacroMasterList.h
605,CME_OPENMULTISHOTFILES,SAME_NAME,external,OpenMultiShotFiles,OpenMultiShotFiles,,1,4,S,PSS_RegularCommand,generated,compile-only,pinned-source,real SerialEM integration and per-command behavior pending,generated from MacroMasterList.h
606,CME_CLOSEMULTISHOTFILES,SAME_NAME,external,CloseMultiShotFiles,CloseMultiShotFiles,,0,4,,PSS_RegularCommand,generated,compile-only,pinned-source,real SerialEM integration and per-command behavior pending,generated from MacroMasterList.h
607,CME_SETNEXTEMAILADDRESS,SAME_NAME,external,SetNextEmailAddress,SetNextEmailAddress,,1,6,Is,PSS_RegularCommand,generated,compile-only,pinned-source,real SerialEM integration and per-command behavior pending,generated from MacroMasterList.h
608,CME_REORDERMONTAGEBYTILT,SAME_NAME,external,ReorderMontageByTilt,ReorderMontageByTilt,,0,4,,PSS_RegularCommand,generated,compile-only,pinned-source,real SerialEM integration and per-command behavior pending,generated from MacroMasterList.h
609,CME_REPORTTILTAXISOFFSET,SAME_NAME,external,ReportTiltAxisOffset,ReportTiltAxisOffset,,0,4,,PSS_RegularCommand,generated,compile-only,pinned-source,real SerialEM integration and per-command behavior pending,generated from MacroMasterList.h
610,CME_DELETENAVIGATORITEM,SAME_NAME,external,DeleteNavigatorItem,DeleteNavigatorItem,,1,4,I,PSS_RegularCommand,generated,compile-only,pinned-source,real SerialEM integration and per-command behavior pending,generated from MacroMasterList.h
611,CME_MEASUREBEAMPOSITION,SAME_FUNC,external,MeasureBeamPosition,MeasureBeamPosition,MeasureBeamSize,0,4,s,PSS_RegularCommand,generated,compile-only,pinned-source,real SerialEM integration and per-command behavior pending,generated from MacroMasterList.h
612,CME_MEASUREBEAMELLIPSE,SAME_NAME,external,MeasureBeamEllipse,MeasureBeamEllipse,,0,4,s,PSS_RegularCommand,generated,compile-only,pinned-source,real SerialEM integration and per-command behavior pending,generated from MacroMasterList.h
613,CME_ADDIMAGEPOSASNAVPOINT,SAME_NAME,external,AddImagePosAsNavPoint,AddImagePosAsNavPoint,,3,5,SDDdii,PSS_RegularCommand,generated,compile-only,pinned-source,real SerialEM integration and per-command behavior pending,generated from MacroMasterList.h
614,CME_ADDIMAGEPOINTSASPOLYGON,SAME_FUNC,external,AddImagePointsAsPolygon,AddImagePointsAsPolygon,AddImagePosAsNavPoint,3,4,SSSdi,PSS_RegularCommand,generated,compile-only,pinned-source,real SerialEM integration and per-command behavior pending,generated from MacroMasterList.h
615,CME_ADJUSTSTAGEPOSFORNAV,SAME_NAME,external,AdjustStagePosForNav,AdjustStagePosForNav,,2,5,DDddiid,PSS_RegularCommand,generated,compile-only,pinned-source,real SerialEM integration and per-command behavior pending,generated from MacroMasterList.h
616,CME_ADDSTAGEPOSASNAVPOINT,SAME_NAME,external,AddStagePosAsNavPoint,AddStagePosAsNavPoint,,3,5,DDDii,PSS_RegularCommand,generated,compile-only,pinned-source,real SerialEM integration and per-command behavior pending,generated from MacroMasterList.h
617,CME_ADDSTAGEPOINTSASPOLYGON,SAME_FUNC,external,AddStagePointsAsPolygon,AddStagePointsAsPolygon,AddStagePosAsNavPoint,3,4,SSDi,PSS_RegularCommand,generated,compile-only,pinned-source,real SerialEM integration and per-command behavior pending,generated from MacroMasterList.h
618,CME_GETUNIQUENAVID,SAME_NAME,external,GetUniqueNavID,GetUniqueNavID,,0,5,,PSS_RegularCommand,generated,compile-only,pinned-source,real SerialEM integration and per-command behavior pending,generated from MacroMasterList.h
619,CME_TRIMSTRING,SAME_NAME,external,TrimString,TrimString,,3,4,ISS,PSS_RegularCommand,generated,compile-only,pinned-source,real SerialEM integration and per-command behavior pending,generated from MacroMasterList.h
620,CME_REPORTCAMERANAME,SAME_NAME,external,ReportCameraName,ReportCameraName,,1,4,I,PSS_RegularCommand,generated,compile-only,pinned-source,real SerialEM integration and per-command behavior pending,generated from MacroMasterList.h
621,CME_CTFPLOTTER,SAME_NAME,external,Ctfplotter,Ctfplotter,,3,1,SDDiddiddd,PSS_RegularCommand,generated,compile-only,pinned-source,real SerialEM integration and per-command behavior pending,generated from MacroMasterList.h
622,CME_RUNPROCESS,SAME_FUNC,external,RunProcess,RunProcess,CreateProcess,1,0,S,PSS_RegularCommand,generated,compile-only,pinned-source,real SerialEM integration and per-command behavior pending,generated from MacroMasterList.h
623,CME_REPORTCTPLOTTERTUNING,SAME_NAME,external,ReportCtplotterTuning,ReportCtplotterTuning,,0,4,,PSS_RegularCommand,generated,compile-only,pinned-source,real SerialEM integration and per-command behavior pending,generated from MacroMasterList.h
624,CME_CYCLETARGETDEFOCUS,SAME_NAME,external,CycleTargetDefocus,CycleTargetDefocus,,3,5,DDIi,PSS_RegularCommand,generated,compile-only,pinned-source,real SerialEM integration and per-command behavior pending,generated from MacroMasterList.h
625,CME_SETCUSTOMHOLESHIFTS,SAME_NAME,external,SetCustomHoleShifts,SetCustomHoleShifts,,2,6,SSid,PSS_RegularCommand,generated,compile-only,pinned-source,real SerialEM integration and per-command behavior pending,generated from MacroMasterList.h
626,CME_SETCUSTOMHOLEDEFOCUS,SAME_NAME,external,SetCustomHoleDefocus,SetCustomHoleDefocus,,1,6,S,PSS_RegularCommand,generated,compile-only,pinned-source,real SerialEM integration and per-command behavior pending,generated from MacroMasterList.h
627,CME_GOTOIMAGINGSTATE,SAME_NAME,external,GoToImagingState,GoToImagingState,,1,0,S,PSS_RegularCommand,generated,compile-only,pinned-source,real SerialEM integration and per-command behavior pending,generated from MacroMasterList.h
628,CME_OPENIMAGINGSTATEDIALOG,SAME_NAME,external,OpenImagingStateDialog,OpenImagingStateDialog,,0,4,,PSS_RegularCommand,generated,compile-only,pinned-source,real SerialEM integration and per-command behavior pending,generated from MacroMasterList.h
629,CME_REPORTFEGBEAMCURRENT,SAME_NAME,external,ReportFEGBeamCurrent,ReportFEGBeamCurrent,,0,4,,PSS_RegularCommand,generated,compile-only,pinned-source,real SerialEM integration and per-command behavior pending,generated from MacroMasterList.h
630,CME_COMPUTEICETHICKNESS,SAME_FUNC,external,ComputeIceThickness,ComputeIceThickness,CombineImages,2,4,SSsd,PSS_RegularCommand,generated,compile-only,pinned-source,real SerialEM integration and per-command behavior pending,generated from MacroMasterList.h
631,CME_GraphValuesInArrays,SAME_NAME,external,GraphValuesInArrays,GraphValuesInArrays,,2,0,ISsssssssssssss,PSS_RegularCommand,generated,compile-only,pinned-source,real SerialEM integration and per-command behavior pending,generated from MacroMasterList.h
632,CME_GRAPHPRESTOREDVALUES,SAME_FUNC,external,GraphPreStoredValues,GraphPreStoredValues,GraphValuesInArrays,1,0,I,PSS_RegularCommand,generated,compile-only,pinned-source,real SerialEM integration and per-command behavior pending,generated from MacroMasterList.h
633,CME_SETGRAPHAXISLABEL,SAME_NAME,external,SetGraphAxisLabel,SetGraphAxisLabel,,1,6,S,PSS_RegularCommand,generated,compile-only,pinned-source,real SerialEM integration and per-command behavior pending,generated from MacroMasterList.h
634,CME_SETGRAPHKEYLABEL,SAME_NAME,external,SetGraphKeyLabel,SetGraphKeyLabel,,1,6,S,PSS_RegularCommand,generated,compile-only,pinned-source,real SerialEM integration and per-command behavior pending,generated from MacroMasterList.h
635,CME_SETGRAPHTYPES,SAME_NAME,external,SetGraphTypes,SetGraphTypes,,1,4,Iiiiiiiiiiiiii,PSS_RegularCommand,generated,compile-only,pinned-source,real SerialEM integration and per-command behavior pending,generated from MacroMasterList.h
636,CME_SETGRAPHCOLUMNS,SAME_NAME,external,SetGraphColumns,SetGraphColumns,,1,4,Iiiiiiiiiiiiii,PSS_RegularCommand,generated,compile-only,pinned-source,real SerialEM integration and per-command behavior pending,generated from MacroMasterList.h
637,CME_SETGRAPHSYMBOLS,SAME_NAME,external,SetGraphSymbols,SetGraphSymbols,,1,4,Iiiiiiiiiiiiii,PSS_RegularCommand,generated,compile-only,pinned-source,real SerialEM integration and per-command behavior pending,generated from MacroMasterList.h
638,CME_SETGRAPHOPTIONS,SAME_NAME,external,SetGraphOptions,SetGraphOptions,,1,4,Ssssssssssssss,PSS_RegularCommand,generated,compile-only,pinned-source,real SerialEM integration and per-command behavior pending,generated from MacroMasterList.h
639,CME_LISTISVECTORSTOGRAPH,SAME_NAME,external,ListISVectorsToGraph,ListISVectorsToGraph,,3,4,III,PSS_RegularCommand,generated,compile-only,pinned-source,real SerialEM integration and per-command behavior pending,generated from MacroMasterList.h
640,CME_CLOSEALLGRAPHS,SAME_NAME,external,CloseAllGraphs,CloseAllGraphs,,0,4,,PSS_RegularCommand,generated,compile-only,pinned-source,real SerialEM integration and per-command behavior pending,generated from MacroMasterList.h
641,CME_GETLASTTILTXYZTOGRAPH,SAME_NAME,external,GetLastTiltXYZToGraph,GetLastTiltXYZToGraph,,0,4,,PSS_RegularCommand,generated,compile-only,pinned-source,real SerialEM integration and per-command behavior pending,generated from MacroMasterList.h
642,CME_PIPETONEXTPROCESS,SAME_NAME,external,PipeToNextProcess,PipeToNextProcess,,1,4,S,PSS_RegularCommand,generated,compile-only,pinned-source,real SerialEM integration and per-command behavior pending,generated from MacroMasterList.h
643,CME_IMAGEMARKERPOSITION,SAME_NAME,external,ImageMarkerPosition,ImageMarkerPosition,,1,4,S,PSS_RegularCommand,generated,compile-only,pinned-source,real SerialEM integration and per-command behavior pending,generated from MacroMasterList.h
644,CME_GETNAVGROUPSTAGECOORDS,SAME_NAME,external,GetNavGroupStageCoords,GetNavGroupStageCoords,,3,4,ISSs,PSS_RegularCommand,generated,compile-only,pinned-source,real SerialEM integration and per-command behavior pending,generated from MacroMasterList.h
645,CME_GETNAVGROUPIMAGECOORDS,SAME_FUNC,external,GetNavGroupImageCoords,GetNavGroupImageCoords,GetNavGroupStageCoords,3,4,ISSS,PSS_RegularCommand,generated,compile-only,pinned-source,real SerialEM integration and per-command behavior pending,generated from MacroMasterList.h
646,CME_LOADSETTINGSFILE,SAME_NAME,external,LoadSettingsFile,LoadSettingsFile,,1,0,S,PSS_RegularCommand,generated,compile-only,pinned-source,real SerialEM integration and per-command behavior pending,generated from MacroMasterList.h
647,CME_SETUPFULLMONTAGE,SAME_NAME,external,SetupFullMontage,SetupFullMontage,,2,0,DS,PSS_RegularCommand,generated,compile-only,pinned-source,real SerialEM integration and per-command behavior pending,generated from MacroMasterList.h
648,CME_AUTOCONTOURGRIDSQUARES,SAME_NAME,external,AutoContourGridSquares,AutoContourGridSquares,,3,0,Sdddddid,PSS_RegularCommand,generated,compile-only,pinned-source,real SerialEM integration and per-command behavior pending,generated from MacroMasterList.h
649,CME_FORGETPRIORSTATE,SAME_NAME,external,ForgetPriorState,ForgetPriorState,,0,4,i,PSS_RegularCommand,generated,compile-only,pinned-source,real SerialEM integration and per-command behavior pending,generated from MacroMasterList.h
650,CME_CALIBRATEELECTRONDOSE,SAME_NAME,external,CalibrateElectronDose,CalibrateElectronDose,,0,4,,PSS_RegularCommand,generated,compile-only,pinned-source,real SerialEM integration and per-command behavior pending,generated from MacroMasterList.h
651,CME_SAVESETTINGS,SAME_NAME,external,SaveSettings,SaveSettings,,0,4,,PSS_RegularCommand,generated,compile-only,pinned-source,real SerialEM integration and per-command behavior pending,generated from MacroMasterList.h
652,CME_SETREGULARHOLEVECTORS,SAME_FUNC,external,SetRegularHoleVectors,SetRegularHoleVectors,SetCustomHoleShifts,4,4,DDDDid,PSS_RegularCommand,generated,compile-only,pinned-source,real SerialEM integration and per-command behavior pending,generated from MacroMasterList.h
653,CME_CALIBRATECOMAVSIS,SAME_NAME,external,CalibrateComaVsIS,CalibrateComaVsIS,,0,1,dii,PSS_RegularCommand,generated,compile-only,pinned-source,real SerialEM integration and per-command behavior pending,generated from MacroMasterList.h
654,CME_CALIBRATEHIGHFOCUSIS,SAME_NAME,external,CalibrateHighFocusIS,CalibrateHighFocusIS,,1,1,Dd,PSS_RegularCommand,generated,compile-only,pinned-source,real SerialEM integration and per-command behavior pending,generated from MacroMasterList.h
655,CME_GETSTEMBRIGHTCONTRAST,SAME_NAME,external,GetSTEMBrightContrast,GetSTEMBrightContrast,,1,0,S,PSS_RegularCommand,generated,compile-only,pinned-source,real SerialEM integration and per-command behavior pending,generated from MacroMasterList.h
656,CME_SETSTEMBRIGHTCONTRAST,SAME_FUNC,external,SetSTEMBrightContrast,SetSTEMBrightContrast,GetSTEMBrightContrast,3,0,DDS,PSS_RegularCommand,generated,compile-only,pinned-source,real SerialEM integration and per-command behavior pending,generated from MacroMasterList.h
657,CME_REPORTMONTAGEPIECE,SAME_NAME,external,ReportMontagePiece,ReportMontagePiece,,1,4,I,PSS_RegularCommand,generated,compile-only,pinned-source,real SerialEM integration and per-command behavior pending,generated from MacroMasterList.h
658,CME_FINDCARTRIDGEWITHID,SAME_NAME,external,FindCartridgeWithID,FindCartridgeWithID,,1,4,I,PSS_RegularCommand,generated,compile-only,pinned-source,real SerialEM integration and per-command behavior pending,generated from MacroMasterList.h
659,CME_SETTILTINCREMENT,SAME_NAME,external,SetTiltIncrement,SetTiltIncrement,,1,4,Ii,PSS_RegularCommand,generated,compile-only,pinned-source,real SerialEM integration and per-command behavior pending,generated from MacroMasterList.h
660,CME_SETHOLEFINDERPARAMS,SAME_NAME,external,SetHoleFinderParams,SetHoleFinderParams,,3,4,DDIdssi,PSS_RegularCommand,generated,compile-only,pinned-source,real SerialEM integration and per-command behavior pending,generated from MacroMasterList.h
661,CME_REPORTAPERTURESIZE,SAME_NAME,external,ReportApertureSize,ReportApertureSize,,1,4,I,PSS_RegularCommand,generated,compile-only,pinned-source,real SerialEM integration and per-command behavior pending,generated from MacroMasterList.h
662,CME_SETAPERTURESIZE,SAME_NAME,external,SetApertureSize,SetApertureSize,,2,0,II,PSS_RegularCommand,generated,compile-only,pinned-source,real SerialEM integration and per-command behavior pending,generated from MacroMasterList.h
663,CME_SKIPZMOVENEXTNAVREALIGN,SAME_NAME,external,SkipZMoveNextNavRealign,SkipZMoveNextNavRealign,,0,4,i,PSS_RegularCommand,generated,compile-only,pinned-source,real SerialEM integration and per-command behavior pending,generated from MacroMasterList.h
664,CME_SETREDOMONTAGEXCORRS,SAME_NAME,external,SetRedoMontageXCorrs,SetRedoMontageXCorrs,,1,4,I,PSS_RegularCommand,generated,compile-only,pinned-source,real SerialEM integration and per-command behavior pending,generated from MacroMasterList.h
665,CME_SETGRIDMAPLIMITS,SAME_NAME,external,SetGridMapLimits,SetGridMapLimits,,5,4,IDDDD,PSS_RegularCommand,generated,compile-only,pinned-source,real SerialEM integration and per-command behavior pending,generated from MacroMasterList.h
666,CME_PARAMSETTOUSEFORMONTAGE,SAME_NAME,external,ParamSetToUseForMontage,ParamSetToUseForMontage,,1,4,Ii,PSS_RegularCommand,generated,compile-only,pinned-source,real SerialEM integration and per-command behavior pending,generated from MacroMasterList.h
667,CME_SETSTATUSLINE,SAME_NAME,external,SetStatusLine,SetStatusLine,,2,4,IS,PSS_RegularCommand,generated,compile-only,pinned-source,real SerialEM integration and per-command behavior pending,generated from MacroMasterList.h
668,CME_CLEARSTATUSLINE,SAME_NAME,external,ClearStatusLine,ClearStatusLine,,1,4,I,PSS_RegularCommand,generated,compile-only,pinned-source,real SerialEM integration and per-command behavior pending,generated from MacroMasterList.h
669,CME_HIGHLIGHTSTATUSLINE,SAME_FUNC,external,HighlightStatusLine,HighlightStatusLine,ClearStatusLine,2,4,II,PSS_RegularCommand,generated,compile-only,pinned-source,real SerialEM integration and per-command behavior pending,generated from MacroMasterList.h
670,CME_MAKEPOLYGONSATSQUARES,SAME_NAME,external,MakePolygonsAtSquares,MakePolygonsAtSquares,,0,4,ddddddi,PSS_RegularCommand,generated,compile-only,pinned-source,real SerialEM integration and per-command behavior pending,generated from MacroMasterList.h
671,CME_SETAUTOCONTOURGROUPS,SAME_NAME,external,SetAutocontourGroups,SetAutocontourGroups,,2,4,IIiiiiiiii,PSS_RegularCommand,generated,compile-only,pinned-source,real SerialEM integration and per-command behavior pending,generated from MacroMasterList.h
672,CME_REPORTAUTOCONTOURSTATS,SAME_NAME,external,ReportAutocontourStats,ReportAutocontourStats,,0,4,,PSS_RegularCommand,generated,compile-only,pinned-source,real SerialEM integration and per-command behavior pending,generated from MacroMasterList.h
673,CME_SETUPPOLYGONMONTAGE,SAME_NAME,external,SetupPolygonMontage,SetupPolygonMontage,,3,0,IDS,PSS_RegularCommand,generated,compile-only,pinned-source,real SerialEM integration and per-command behavior pending,generated from MacroMasterList.h
674,CME_STOPBACKGROUNDTILT,SAME_FUNC,external,StopBackgroundTilt,StopBackgroundTilt,BackgroundTilt,0,0,d,PSS_RegularCommand,generated,compile-only,pinned-source,real SerialEM integration and per-command behavior pending,generated from MacroMasterList.h
675,CME_READMONTAGEPIECE,SAME_FUNC,external,ReadMontagePiece,ReadMontagePiece,ReadFile,3,0,IIIs,PSS_RegularCommand,generated,compile-only,pinned-source,real SerialEM integration and per-command behavior pending,generated from MacroMasterList.h
676,CME_REPORTMETADATAVALUES,SAME_FUNC,external,ReportMetadataValues,ReportMetadataValues,ImageMetadataToVar,2,4,SS,PSS_RegularCommand,generated,compile-only,pinned-source,real SerialEM integration and per-command behavior pending,generated from MacroMasterList.h
677,CME_REPORTMETADATASTRING,SAME_FUNC,external,ReportMetadataString,ReportMetadataString,ImageMetadataToVar,2,4,SS,PSS_RegularCommand,generated,compile-only,pinned-source,real SerialEM integration and per-command behavior pending,generated from MacroMasterList.h
678,CME_REPORTSYSTEMPATH,SAME_NAME,external,ReportSystemPath,ReportSystemPath,,0,4,,PSS_RegularCommand,generated,compile-only,pinned-source,real SerialEM integration and per-command behavior pending,generated from MacroMasterList.h
679,CME_CHANGEITEMGROUPID,SAME_FUNC,external,ChangeItemGroupID,ChangeItemGroupID,ChangeItemRegistration,2,4,II,PSS_RegularCommand,generated,compile-only,pinned-source,real SerialEM integration and per-command behavior pending,generated from MacroMasterList.h
680,CME_REPORTFRAMESAVINGPATH,SAME_NAME,external,ReportFrameSavingPath,ReportFrameSavingPath,,0,4,,PSS_RegularCommand,generated,compile-only,pinned-source,real SerialEM integration and per-command behavior pending,generated from MacroMasterList.h
681,CME_REPORTCAMERAPROPERTY,SAME_NAME,external,ReportCameraProperty,ReportCameraProperty,,2,4,IS,PSS_RegularCommand,generated,compile-only,pinned-source,real SerialEM integration and per-command behavior pending,generated from MacroMasterList.h
682,CME_SETCAMERAPROPERTY,SAME_FUNC,external,SetCameraProperty,SetCameraProperty,ReportCameraProperty,3,4,ISD,PSS_RegularCommand,generated,compile-only,pinned-source,real SerialEM integration and per-command behavior pending,generated from MacroMasterList.h
683,CME_COPYLOWDOSEAREA,SAME_NAME,external,CopyLowDoseArea,CopyLowDoseArea,,2,4,SS,PSS_RegularCommand,generated,compile-only,pinned-source,real SerialEM integration and per-command behavior pending,generated from MacroMasterList.h
684,CME_REPORTVACUUMSTATUS,SAME_NAME,external,ReportVacuumStatus,ReportVacuumStatus,,0,4,,PSS_RegularCommand,generated,compile-only,pinned-source,real SerialEM integration and per-command behavior pending,generated from MacroMasterList.h
685,CME_ENDACQUIREATITEMS,SAME_NAME,external,EndAcquireAtItems,EndAcquireAtItems,,0,4,i,PSS_RegularCommand,generated,compile-only,pinned-source,real SerialEM integration and per-command behavior pending,generated from MacroMasterList.h
686,CME_SKIPNAVPOINTSNEAREDGE,SAME_NAME,external,SkipNavPointsNearEdge,SkipNavPointsNearEdge,,3,4,IIDiss,PSS_RegularCommand,generated,compile-only,pinned-source,real SerialEM integration and per-command behavior pending,generated from MacroMasterList.h
687,CME_STAGETOBUFIMAGEMATRIX,SAME_NAME,external,StageToBufImageMatrix,StageToBufImageMatrix,,2,4,SI,PSS_RegularCommand,generated,compile-only,pinned-source,real SerialEM integration and per-command behavior pending,generated from MacroMasterList.h
688,CME_BUFIMAGETOSTAGEMATRIX,SAME_FUNC,external,BufImageToStageMatrix,BufImageToStageMatrix,StageToBufImageMatrix,2,4,SI,PSS_RegularCommand,generated,compile-only,pinned-source,real SerialEM integration and per-command behavior pending,generated from MacroMasterList.h
689,CME_STAGEPOSTOBUFIMAGEPOS,SAME_FUNC,external,StagePosToBufImagePos,StagePosToBufImagePos,StageToBufImageMatrix,4,4,SIDD,PSS_RegularCommand,generated,compile-only,pinned-source,real SerialEM integration and per-command behavior pending,generated from MacroMasterList.h
690,CME_BUFIMAGEPOSTOSTAGEPOS,SAME_FUNC,external,BufImagePosToStagePos,BufImagePosToStagePos,StageToBufImageMatrix,4,4,SIDD,PSS_RegularCommand,generated,compile-only,pinned-source,real SerialEM integration and per-command behavior pending,generated from MacroMasterList.h
691,CME_AREAFORCUMULRECORDDOSE,SAME_NAME,external,AreaForCumulRecordDose,AreaForCumulRecordDose,,1,4,I,PSS_RegularCommand,generated,compile-only,pinned-source,real SerialEM integration and per-command behavior pending,generated from MacroMasterList.h
692,CME_ADDCIRCLEPOLYGON,SAME_NAME,external,AddCirclePolygon,AddCirclePolygon,,1,4,Ddd,PSS_RegularCommand,generated,compile-only,pinned-source,real SerialEM integration and per-command behavior pending,generated from MacroMasterList.h
693,CME_GETDOSESYMMETRICANGLES,SAME_NAME,external,GetDoseSymmetricAngles,GetDoseSymmetricAngles,,1,4,S,PSS_RegularCommand,generated,compile-only,pinned-source,real SerialEM integration and per-command behavior pending,generated from MacroMasterList.h
694,CME_SETDOSESYMMETRICANGLES,SAME_FUNC,external,SetDoseSymmetricAngles,SetDoseSymmetricAngles,GetDoseSymmetricAngles,1,4,S,PSS_RegularCommand,generated,compile-only,pinned-source,real SerialEM integration and per-command behavior pending,generated from MacroMasterList.h
695,CME_ADJUSTMULTISHOTPATTERN,SAME_NAME,external,AdjustMultiShotPattern,AdjustMultiShotPattern,,1,4,I,PSS_RegularCommand,generated,compile-only,pinned-source,real SerialEM integration and per-command behavior pending,generated from MacroMasterList.h
696,CME_USEMAPITEMHOLEVECTORS,SAME_NAME,external,UseMapItemHoleVectors,UseMapItemHoleVectors,,1,4,I,PSS_RegularCommand,generated,compile-only,pinned-source,real SerialEM integration and per-command behavior pending,generated from MacroMasterList.h
697,CME_SAVENEXTCTFPLOTTERGRAPH,SAME_NAME,external,SaveNextCtfplotterGraph,SaveNextCtfplotterGraph,,1,4,Ss,PSS_RegularCommand,generated,compile-only,pinned-source,real SerialEM integration and per-command behavior pending,generated from MacroMasterList.h
698,CME_REPORTFREEDISKSPACE,SAME_NAME,external,ReportFreeDiskSpace,ReportFreeDiskSpace,,1,4,S,PSS_RegularCommand,generated,compile-only,pinned-source,real SerialEM integration and per-command behavior pending,generated from MacroMasterList.h
699,CME_SETLENSBYNAME,SAME_NAME,external,SetLensByName,SetLensByName,,2,4,SD,PSS_RegularCommand,generated,compile-only,pinned-source,real SerialEM integration and per-command behavior pending,generated from MacroMasterList.h
700,CME_REPORTMULTISHOTVECTORS,SAME_NAME,external,ReportMultishotVectors,ReportMultishotVectors,,0,4,I,PSS_RegularCommand,generated,compile-only,pinned-source,real SerialEM integration and per-command behavior pending,generated from MacroMasterList.h
701,CME_REPORTHOLESTOACQUIRE,SAME_NAME,external,GetItemHolesToAcquire,GetItemHolesToAcquire,,2,4,IS,PSS_RegularCommand,generated,compile-only,pinned-source,real SerialEM integration and per-command behavior pending,generated from MacroMasterList.h
702,CME_REPORTCAMERAINSERTED,SAME_NAME,external,ReportCameraInserted,ReportCameraInserted,,1,0,I,PSS_RegularCommand,generated,compile-only,pinned-source,real SerialEM integration and per-command behavior pending,generated from MacroMasterList.h
703,CME_RETRACTCAMERAS,SAME_FUNC,external,RetractCameras,RetractCameras,RetractCamera,0,0,,PSS_RegularCommand,generated,compile-only,pinned-source,real SerialEM integration and per-command behavior pending,generated from MacroMasterList.h
704,CME_WAITFORNEWMARKERPOINT,SAME_NAME,external,WaitForNewMarkerPoint,WaitForNewMarkerPoint,,0,0,,PSS_RegularCommand,generated,compile-only,pinned-source,real SerialEM integration and per-command behavior pending,generated from MacroMasterList.h
705,CME_REPORTIFNAVACQUIRING,SAME_NAME,external,ReportIfNavAcquiring,ReportIfNavAcquiring,,0,4,,PSS_RegularCommand,generated,compile-only,pinned-source,real SerialEM integration and per-command behavior pending,generated from MacroMasterList.h
706,CME_SETTILTSERIESATITEM,SAME_FUNC,external,SetTiltSeriesAtItem,SetTiltSeriesAtItem,SetItemAcquire,0,0,ii,PSS_RegularCommand,generated,compile-only,pinned-source,real SerialEM integration and per-command behavior pending,generated from MacroMasterList.h
707,CME_BACKGROUNDMOVESTAGE,SAME_FUNC,external,BackgroundMoveStage,BackgroundMoveStage,BackgroundTilt,2,1,DDd,PSS_RegularCommand,generated,compile-only,pinned-source,real SerialEM integration and per-command behavior pending,generated from MacroMasterList.h
708,CME_STOPBACKGROUNDSTAGE,SAME_FUNC,external,StopBackgroundStage,StopBackgroundStage,BackgroundTilt,0,1,dd,PSS_RegularCommand,generated,compile-only,pinned-source,real SerialEM integration and per-command behavior pending,generated from MacroMasterList.h
709,CME_REPORTTILTSERIESATITEM,SAME_FUNC,external,ReportTiltSeriesAtItem,ReportTiltSeriesAtItem,ReportItemAcquire,1,4,I,PSS_RegularCommand,generated,compile-only,pinned-source,real SerialEM integration and per-command behavior pending,generated from MacroMasterList.h
710,CME_REPORTNUMEXEFUNCS,SAME_NAME,external,ReportNumExeFuncs,ReportNumExeFuncs,,0,4,,PSS_RegularCommand,generated,compile-only,pinned-source,real SerialEM integration and per-command behavior pending,generated from MacroMasterList.h
711,CME_REPORTBEAMSTOPPOSITION,SAME_NAME,external,ReportBeamStopPosition,ReportBeamStopPosition,,0,4,,PSS_RegularCommand,generated,compile-only,pinned-source,real SerialEM integration and per-command behavior pending,generated from MacroMasterList.h
712,CME_SETBEAMSTOPPOSITION,SAME_NAME,external,SetBeamStopPosition,SetBeamStopPosition,,1,0,I,PSS_RegularCommand,generated,compile-only,pinned-source,real SerialEM integration and per-command behavior pending,generated from MacroMasterList.h
713,CME_ISDIRECTORYWRITABLE,SAME_NAME,external,IsDirectoryWritable,IsDirectoryWritable,,1,4,S,PSS_RegularCommand,generated,compile-only,pinned-source,real SerialEM integration and per-command behavior pending,generated from MacroMasterList.h
714,CME_USENAVGROUPFORMULTISHOT,SAME_NAME,external,UseNavGroupForMultishot,UseNavGroupForMultishot,,1,4,Iii,PSS_RegularCommand,generated,compile-only,pinned-source,real SerialEM integration and per-command behavior pending,generated from MacroMasterList.h
715,CME_SAVENEXTGRAPHANDEXIT,SAME_NAME,external,SaveNextGraphAndExit,SaveNextGraphAndExit,,2,4,IS,PSS_RegularCommand,generated,compile-only,pinned-source,real SerialEM integration and per-command behavior pending,generated from MacroMasterList.h
716,CME_SUPPRESSINFOOUTPUT,SAME_NAME,external,SuppressInfoOutput,SuppressInfoOutput,,0,4,i,PSS_RegularCommand,generated,compile-only,pinned-source,real SerialEM integration and per-command behavior pending,generated from MacroMasterList.h
717,CME_FINDSUBSTRING,SAME_NAME,external,FindSubstring,FindSubstring,,3,4,SIS,PSS_RegularCommand,generated,compile-only,pinned-source,real SerialEM integration and per-command behavior pending,generated from MacroMasterList.h
718,CME_OPENDIALOG,SAME_NAME,external,OpenDialog,OpenDialog,,1,0,S,PSS_RegularCommand,generated,compile-only,pinned-source,real SerialEM integration and per-command behavior pending,generated from MacroMasterList.h
719,CME_REPORTLASTMARKERSHIFT,SAME_NAME,external,ReportLastMarkerShift,ReportLastMarkerShift,,0,4,,PSS_RegularCommand,generated,compile-only,pinned-source,real SerialEM integration and per-command behavior pending,generated from MacroMasterList.h
720,CME_SETMONTPANELPARAMS,SAME_NAME,external,SetMontPanelParams,SetMontPanelParams,,1,4,Iiii,PSS_RegularCommand,generated,compile-only,pinned-source,real SerialEM integration and per-command behavior pending,generated from MacroMasterList.h
721,CME_REPORTMAXIMAGESHIFT,SAME_NAME,external,ReportMaxImageShift,ReportMaxImageShift,,1,4,I,PSS_RegularCommand,generated,compile-only,pinned-source,real SerialEM integration and per-command behavior pending,generated from MacroMasterList.h
722,CME_TRANSFORMTOOTHERMAG,SAME_NAME,external,TransformToOtherMag,TransformToOtherMag,,2,4,SIsddiiii,PSS_RegularCommand,generated,compile-only,pinned-source,real SerialEM integration and per-command behavior pending,generated from MacroMasterList.h
723,CME_TRANSFORMTOMATCHBUFFER,SAME_NAME,external,TransformToMatchBuffer,TransformToMatchBuffer,,2,4,SSsddii,PSS_RegularCommand,generated,compile-only,pinned-source,real SerialEM integration and per-command behavior pending,generated from MacroMasterList.h
724,CME_ALIGNBETWEENMAGS,SAME_NAME,external,AlignBetweenMags,AlignBetweenMags,,4,4,SDDDddi,PSS_RegularCommand,generated,compile-only,pinned-source,real SerialEM integration and per-command behavior pending,generated from MacroMasterList.h
725,CME_SETMULTISHOTPARAMS,SAME_NAME,external,SetMultishotParams,SetMultishotParams,,1,4,Iiddiiiiiiidiid,PSS_RegularCommand,generated,compile-only,pinned-source,real SerialEM integration and per-command behavior pending,generated from MacroMasterList.h
726,CME_REPORTMULTISHOTPARAMS,SAME_NAME,external,ReportMultishotParams,ReportMultishotParams,,1,4,I,PSS_RegularCommand,generated,compile-only,pinned-source,real SerialEM integration and per-command behavior pending,generated from MacroMasterList.h
727,CME_GETITEMPOINTARRAY,SAME_NAME,external,GetItemPointArray,GetItemPointArray,,3,4,ISS,PSS_RegularCommand,generated,compile-only,pinned-source,real SerialEM integration and per-command behavior pending,generated from MacroMasterList.h
728,CME_ISIMAGEFILEOPEN,SAME_NAME,external,IsImageFileOpen,IsImageFileOpen,,1,4,S,PSS_RegularCommand,generated,compile-only,pinned-source,real SerialEM integration and per-command behavior pending,generated from MacroMasterList.h
729,CME_REPORTNUMOPENFILES,SAME_NAME,external,ReportNumOpenFiles,ReportNumOpenFiles,,0,4,,PSS_RegularCommand,generated,compile-only,pinned-source,real SerialEM integration and per-command behavior pending,generated from MacroMasterList.h
730,CME_REPORTOPENIMAGEFILE,SAME_FUNC,external,ReportOpenImageFile,ReportOpenImageFile,ReportCurrentFilename,1,4,Ii,PSS_RegularCommand,generated,compile-only,pinned-source,real SerialEM integration and per-command behavior pending,generated from MacroMasterList.h
731,CME_SETNEXTLOGOUTPUTSTYLE,SAME_NAME,external,SetNextLogOutputStyle,SetNextLogOutputStyle,,1,4,Iiii,PSS_RegularCommand,generated,compile-only,pinned-source,real SerialEM integration and per-command behavior pending,generated from MacroMasterList.h
732,CME_FINDLOWDOSESHIFTOFFSET,SAME_NAME,external,FindLowDoseShiftOffset,FindLowDoseShiftOffset,,1,1,Iddd,PSS_RegularCommand,generated,compile-only,pinned-source,real SerialEM integration and per-command behavior pending,generated from MacroMasterList.h
733,CME_REPORTLDSHIFTOFFSET,SAME_NAME,external,ReportLDShiftOffset,ReportLDShiftOffset,,1,4,I,PSS_RegularCommand,generated,compile-only,pinned-source,real SerialEM integration and per-command behavior pending,generated from MacroMasterList.h
734,CME_REVERTAUTOLDSHIFTOFFSET,SAME_NAME,external,RevertAutoLDShiftOffset,RevertAutoLDShiftOffset,,0,4,,PSS_RegularCommand,generated,compile-only,pinned-source,real SerialEM integration and per-command behavior pending,generated from MacroMasterList.h
735,CME_CHOOSERFORTEXTFILE,SAME_NAME,external,ChooserForTextFile,ChooserForTextFile,,1,0,I,PSS_RegularCommand,generated,compile-only,pinned-source,real SerialEM integration and per-command behavior pending,generated from MacroMasterList.h
736,CME_SETSELECTEDNAVITEM,SAME_NAME,external,SetSelectedNavItem,SetSelectedNavItem,,1,4,Ii,PSS_RegularCommand,generated,compile-only,pinned-source,real SerialEM integration and per-command behavior pending,generated from MacroMasterList.h
737,CME_SETLOWDOSESHIFTOFFSET,SAME_NAME,external,SetLowDoseShiftOffset,SetLowDoseShiftOffset,,3,4,IDD,PSS_RegularCommand,generated,compile-only,pinned-source,real SerialEM integration and per-command behavior pending,generated from MacroMasterList.h
738,CME_DEFERSETTINGSUPDATE,SAME_NAME,external,DeferSettingsUpdate,DeferSettingsUpdate,,0,4,,PSS_RegularCommand,generated,compile-only,pinned-source,real SerialEM integration and per-command behavior pending,generated from MacroMasterList.h
739,CME_GETFASTSCOPESTATUS,SAME_NAME,external,GetFastScopeStatus,GetFastScopeStatus,,0,4,,PSS_RegularCommand,generated,compile-only,pinned-source,real SerialEM integration and per-command behavior pending,generated from MacroMasterList.h
740,CME_SETCOILBYNAME,SAME_NAME,external,SetCoilByName,SetCoilByName,,4,0,SDDI,PSS_RegularCommand,generated,compile-only,pinned-source,real SerialEM integration and per-command behavior pending,generated from MacroMasterList.h
741,CME_NAVACQATENDUSEPARAMS,SAME_NAME,external,NavAcqAtEndUseParams,NavAcqAtEndUseParams,,1,4,Ss,PSS_RegularCommand,generated,compile-only,pinned-source,real SerialEM integration and per-command behavior pending,generated from MacroMasterList.h
742,CME_SETNAVACQATENDPARAMS,SAME_NAME,external,SetNavAcqAtEndParams,SetNavAcqAtEndParams,,2,4,SDsdsdsdsdsdsdsdsd,PSS_RegularCommand,generated,compile-only,pinned-source,real SerialEM integration and per-command behavior pending,generated from MacroMasterList.h
743,CME_REALIGNRELOADEDGRID,SAME_NAME,external,RealignReloadedGrid,RealignReloadedGrid,,2,0,IDidi,PSS_RegularCommand,generated,compile-only,pinned-source,real SerialEM integration and per-command behavior pending,generated from MacroMasterList.h
744,CME_SETFRAMENAMEFORMAT,SAME_NAME,external,SetFrameNameFormat,SetFrameNameFormat,,3,4,III,PSS_RegularCommand,generated,compile-only,pinned-source,real SerialEM integration and per-command behavior pending,generated from MacroMasterList.h
745,CME_REPORTFRAMENAMEFORMAT,SAME_NAME,external,ReportFrameNameFormat,ReportFrameNameFormat,,0,4,,PSS_RegularCommand,generated,compile-only,pinned-source,real SerialEM integration and per-command behavior pending,generated from MacroMasterList.h
746,CME_PLUGINALLDOUBLES,SAME_FUNC,external,PluginAllDoubles,PluginAllDoubles,Plugin,2,1,SSddddddd,PSS_RegularCommand,generated,compile-only,pinned-source,real SerialEM integration and per-command behavior pending,generated from MacroMasterList.h
747,CME_PLUGINSTRING,SAME_FUNC,external,PluginString,PluginString,Plugin,3,1,SSS,PSS_RegularCommand,generated,compile-only,pinned-source,real SerialEM integration and per-command behavior pending,generated from MacroMasterList.h
748,CME_PLUGINDOUBLESTRING,SAME_FUNC,external,PluginDoubleString,PluginDoubleString,Plugin,4,1,SSDS,PSS_RegularCommand,generated,compile-only,pinned-source,real SerialEM integration and per-command behavior pending,generated from MacroMasterList.h
749,CME_SETDIFFRACTIONSTIGMATOR,SAME_NAME,external,SetDiffractionStigmator,SetDiffractionStigmator,,2,0,DD,PSS_RegularCommand,generated,compile-only,pinned-source,real SerialEM integration and per-command behavior pending,generated from MacroMasterList.h
750,CME_REPORTDIFFRACTIONSTIGMATOR,SAME_NAME,external,ReportDiffractionStigmator,ReportDiffractionStigmator,,0,0,,PSS_RegularCommand,generated,compile-only,pinned-source,real SerialEM integration and per-command behavior pending,generated from MacroMasterList.h
751,CME_CALIBRATEHIGHFOCUSMAG,SAME_NAME,external,CalibrateHighFocusMag,CalibrateHighFocusMag,,1,0,I,PSS_RegularCommand,generated,compile-only,pinned-source,real SerialEM integration and per-command behavior pending,generated from MacroMasterList.h
752,CME_REPORTPERCENTILESTATS,SAME_NAME,external,ReportPercentileStats,ReportPercentileStats,,5,5,SDDDI,PSS_RegularCommand,generated,compile-only,pinned-source,real SerialEM integration and per-command behavior pending,generated from MacroMasterList.h
753,CME_SETUPDYNAMICFOCUS,SAME_NAME,external,SetupDynamicFocus,SetupDynamicFocus,,4,4,DIII,PSS_RegularCommand,generated,compile-only,pinned-source,real SerialEM integration and per-command behavior pending,generated from MacroMasterList.h
754,CME_STARTFOCUSRAMPER,SAME_NAME,external,StartFocusRamper,StartFocusRamper,,0,1,iiid,PSS_RegularCommand,generated,compile-only,pinned-source,real SerialEM integration and per-command behavior pending,generated from MacroMasterList.h
755,CME_FINISHFOCUSRAMP,SAME_NAME,external,FinishFocusRamp,FinishFocusRamp,,0,0,,PSS_RegularCommand,generated,compile-only,pinned-source,real SerialEM integration and per-command behavior pending,generated from MacroMasterList.h
756,CME_SETDEBUGOUTPUT,SAME_NAME,external,SetDebugOutput,SetDebugOutput,,1,4,S,PSS_RegularCommand,generated,compile-only,pinned-source,real SerialEM integration and per-command behavior pending,generated from MacroMasterList.h
757,CME_LOADALLGRIDMAPS,SAME_NAME,external,LoadAllGridMaps,LoadAllGridMaps,,0,4,s,PSS_RegularCommand,generated,compile-only,pinned-source,real SerialEM integration and per-command behavior pending,generated from MacroMasterList.h
758,CME_FINDMULTIMAPHOLES,SAME_NAME,external,FindMultiMapHoles,FindMultiMapHoles,,3,1,IIIidddddd,PSS_RegularCommand,generated,compile-only,pinned-source,real SerialEM integration and per-command behavior pending,generated from MacroMasterList.h
759,CME_NAVGOTOMARKER,SAME_NAME,external,NavGoToMarker,NavGoToMarker,,0,0,,PSS_RegularCommand,generated,compile-only,pinned-source,real SerialEM integration and per-command behavior pending,generated from MacroMasterList.h
760,CME_REPORTLDDEFOCUSOFFSET,SAME_NAME,external,ReportLDDefocusOffset,ReportLDDefocusOffset,,1,4,S,PSS_RegularCommand,generated,compile-only,pinned-source,real SerialEM integration and per-command behavior pending,generated from MacroMasterList.h
761,CME_SetLDDEFOCUSOFFSET,SAME_NAME,external,SetLDDefocusOffset,SetLDDefocusOffset,,2,4,SD,PSS_RegularCommand,generated,compile-only,pinned-source,real SerialEM integration and per-command behavior pending,generated from MacroMasterList.h
762,CME_NEXTMULTISHOTUSENAVITEM,SAME_NAME,external,NextMultiShotUseNavItem,NextMultiShotUseNavItem,,0,4,i,PSS_RegularCommand,generated,compile-only,pinned-source,real SerialEM integration and per-command behavior pending,generated from MacroMasterList.h
763,CME_ADDBUFTOSTACKWINDOW,SAME_NAME,external,AddBufToStackWindow,AddBufToStackWindow,,3,4,SIIiis,PSS_RegularCommand,generated,compile-only,pinned-source,real SerialEM integration and per-command behavior pending,generated from MacroMasterList.h
764,CME_CLOSESTACKWINDOW,SAME_NAME,external,CloseStackWindow,CloseStackWindow,,0,4,,PSS_RegularCommand,generated,compile-only,pinned-source,real SerialEM integration and per-command behavior pending,generated from MacroMasterList.h
765,CME_SETBUFZOOMANDCENTER,SAME_FUNC,external,SetBufZoomAndCenter,SetBufZoomAndCenter,Show,2,4,SDii,PSS_RegularCommand,generated,compile-only,pinned-source,real SerialEM integration and per-command behavior pending,generated from MacroMasterList.h
766,CME_BINNINGFORCAMERAMATRIX,SAME_NAME,external,BinningForCameraMatrix,BinningForCameraMatrix,,1,4,D,PSS_RegularCommand,generated,compile-only,pinned-source,real SerialEM integration and per-command behavior pending,generated from MacroMasterList.h
767,CME_REPORTFILEOPTIONS,SAME_NAME,external,ReportFileOptions,ReportFileOptions,,1,4,I,PSS_RegularCommand,generated,compile-only,pinned-source,real SerialEM integration and per-command behavior pending,generated from MacroMasterList.h
768,CME_SETFILEOPTIONS,SAME_NAME,external,SetFileOptions,SetFileOptions,,2,4,IIiiiiddiiii,PSS_RegularCommand,generated,compile-only,pinned-source,real SerialEM integration and per-command behavior pending,generated from MacroMasterList.h
769,CME_FINDANDCENTERONEHOLE,SAME_NAME,external,FindAndCenterOneHole,FindAndCenterOneHole,,2,4,SDidddddi,PSS_RegularCommand,generated,compile-only,pinned-source,real SerialEM integration and per-command behavior pending,generated from MacroMasterList.h
770,CME_StepAndAdjustISVectors,SAME_NAME,external,StepAndAdjustISVectors,StepAndAdjustISVectors,,2,1,IDd,PSS_RegularCommand,generated,compile-only,pinned-source,real SerialEM integration and per-command behavior pending,generated from MacroMasterList.h
771,CME_PRESCANWITHPREVIEW,SAME_NAME,external,PrescanWithPreview,PrescanWithPreview,,0,1,,PSS_RegularCommand,generated,compile-only,pinned-source,real SerialEM integration and per-command behavior pending,generated from MacroMasterList.h
772,CME_CLEARNONPERSISTENTVARS,SAME_NAME,external,ClearNonPersistentVars,ClearNonPersistentVars,,0,4,,PSS_RegularCommand,generated,compile-only,pinned-source,real SerialEM integration and per-command behavior pending,generated from MacroMasterList.h
773,CME_SETEDMDUTYPERCENT,SAME_NAME,external,SetEDMDutyPercent,SetEDMDutyPercent,,1,4,D,PSS_RegularCommand,generated,compile-only,pinned-source,real SerialEM integration and per-command behavior pending,generated from MacroMasterList.h
774,CME_REPORTEDMDUTYPERCENT,SAME_FUNC,external,ReportEDMDutyPercent,ReportEDMDutyPercent,SetEDMDutyPercent,0,4,,PSS_RegularCommand,generated,compile-only,pinned-source,real SerialEM integration and per-command behavior pending,generated from MacroMasterList.h
775,CME_NEXTPROCESSPIPETOVAR,SAME_NAME,external,NextProcessPipeToVar,NextProcessPipeToVar,,1,4,S,PSS_RegularCommand,generated,compile-only,pinned-source,real SerialEM integration and per-command behavior pending,generated from MacroMasterList.h
776,CME_CHECKEUCENBYFOCUSCAL,SAME_NAME,external,CheckEucenByFocusCal,CheckEucenByFocusCal,,0,4,iiii,PSS_RegularCommand,generated,compile-only,pinned-source,real SerialEM integration and per-command behavior pending,generated from MacroMasterList.h
777,CME_REFINEGRIDMAPALIGNMENT,SAME_NAME,external,RefineGridMapAlignment,RefineGridMapAlignment,,2,0,ISddd,PSS_RegularCommand,generated,compile-only,pinned-source,real SerialEM integration and per-command behavior pending,generated from MacroMasterList.h
778,CME_REPORTXLENSMODE,SAME_FUNC,external,ReportXLensMode,ReportXLensMode,ReportXLensDeflector,0,0,,PSS_RegularCommand,generated,compile-only,pinned-source,real SerialEM integration and per-command behavior pending,generated from MacroMasterList.h
779,CME_SETXLENSMODE,SAME_FUNC,external,SetXLensMode,SetXLensMode,ReportXLensDeflector,1,0,D,PSS_RegularCommand,generated,compile-only,pinned-source,real SerialEM integration and per-command behavior pending,generated from MacroMasterList.h
780,CME_REPORTC2APSIZEFORSCALING,SAME_NAME,external,ReportC2ApSizeForScaling,ReportC2ApSizeForScaling,,0,4,,PSS_RegularCommand,generated,compile-only,pinned-source,real SerialEM integration and per-command behavior pending,generated from MacroMasterList.h
781,CME_SETC2APSIZEFORSCALING,SAME_NAME,external,SetC2ApSizeForScaling,SetC2ApSizeForScaling,,1,4,I,PSS_RegularCommand,generated,compile-only,pinned-source,real SerialEM integration and per-command behavior pending,generated from MacroMasterList.h
782,CME_REPORTOBJECTIVESTRENGTH,SAME_NAME,external,ReportObjectiveStrength,ReportObjectiveStrength,,0,4,,PSS_RegularCommand,generated,compile-only,pinned-source,real SerialEM integration and per-command behavior pending,generated from MacroMasterList.h
783,CME_UPDATEIMAGINGSTATE,SAME_FUNC,external,UpdateImagingState,UpdateImagingState,GoToImagingState,1,0,S,PSS_RegularCommand,generated,compile-only,pinned-source,real SerialEM integration and per-command behavior pending,generated from MacroMasterList.h
784,CME_IMAGINGSTATEPROPERTIES,SAME_NAME,external,ImagingStateProperties,ImagingStateProperties,,1,0,S,PSS_RegularCommand,generated,compile-only,pinned-source,real SerialEM integration and per-command behavior pending,generated from MacroMasterList.h
785,CME_STARTTRY,SAME_NAME,external,StartTry,StartTry,,0,4,i,PSS_RegularCommand,generated,compile-only,pinned-source,real SerialEM integration and per-command behavior pending,generated from MacroMasterList.h
786,CME_TOGGLEBUFFERDISPLAY,SAME_NAME,external,ToggleBufferDisplay,ToggleBufferDisplay,,4,0,SIII,PSS_RegularCommand,generated,compile-only,pinned-source,real SerialEM integration and per-command behavior pending,generated from MacroMasterList.h
787,CME_SETPARALLELILLUMINATION,SAME_NAME,external,SetParallelIllumination,SetParallelIllumination,,0,4,,PSS_RegularCommand,generated,compile-only,pinned-source,real SerialEM integration and per-command behavior pending,generated from MacroMasterList.h
788,CME_REPORTCURRENTMULGRIDID,SAME_NAME,external,ReportCurrentMulGridID,ReportCurrentMulGridID,,0,4,,PSS_RegularCommand,generated,compile-only,pinned-source,real SerialEM integration and per-command behavior pending,generated from MacroMasterList.h
789,CME_LOADPIECEATNAVPOINT,SAME_NAME,external,LoadPieceAtNavPoint,LoadPieceAtNavPoint,,1,4,I,PSS_RegularCommand,generated,compile-only,pinned-source,real SerialEM integration and per-command behavior pending,generated from MacroMasterList.h
790,CME_SETHIGHVOLTAGE,SAME_NAME,external,SetHighVoltage,SetHighVoltage,,1,4,D,PSS_RegularCommand,generated,compile-only,pinned-source,real SerialEM integration and per-command behavior pending,generated from MacroMasterList.h
791,CME_MOVETOMARKER,SAME_NAME,external,MoveToMarker,MoveToMarker,,0,0,i,PSS_RegularCommand,generated,compile-only,pinned-source,real SerialEM integration and per-command behavior pending,generated from MacroMasterList.h
792,CME_MANYCHOICEBOX,SAME_NAME,external,ManyChoiceBox,ManyChoiceBox,,4,0,ISSS,PSS_RegularCommand,generated,compile-only,pinned-source,real SerialEM integration and per-command behavior pending,generated from MacroMasterList.h
793,CME_RUNBACKGROUNDSCRIPT,SAME_NAME,external,RunBackgroundScript,RunBackgroundScript,,1,0,I,PSS_RegularCommand,generated,compile-only,pinned-source,real SerialEM integration and per-command behavior pending,generated from MacroMasterList.h
794,CME_STOPBACKGROUNDSCRIPT,SAME_NAME,external,StopBackgroundScript,StopBackgroundScript,,0,0,,PSS_RegularCommand,generated,compile-only,pinned-source,real SerialEM integration and per-command behavior pending,generated from MacroMasterList.h
795,CME_SETBKGDSCRIPTVAR,SAME_NAME,external,SetBkgdScriptVar,SetBkgdScriptVar,,1,4,S,PSS_RegularCommand,generated,compile-only,pinned-source,real SerialEM integration and per-command behavior pending,generated from MacroMasterList.h
796,CME_GETBKGDSCRIPTVAR,SAME_NAME,external,GetBkgdScriptVar,GetBkgdScriptVar,,1,4,Si,PSS_RegularCommand,generated,compile-only,pinned-source,real SerialEM integration and per-command behavior pending,generated from MacroMasterList.h
797,CME_WAITFORBKGDSCRIPTVAR,SAME_NAME,external,WaitForBkgdScriptVar,WaitForBkgdScriptVar,,1,0,I,PSS_RegularCommand,generated,compile-only,pinned-source,real SerialEM integration and per-command behavior pending,generated from MacroMasterList.h
798,CME_ALLOWTIMEFORBKGDSCRIPT,SAME_NAME,external,AllowTimeForBkgdScript,AllowTimeForBkgdScript,,1,0,I,PSS_RegularCommand,generated,compile-only,pinned-source,real SerialEM integration and per-command behavior pending,generated from MacroMasterList.h
799,CME_COPYOTHERSCRIPTVAR,SAME_NAME,external,CopyOtherScriptVar,CopyOtherScriptVar,,2,4,SSi,PSS_RegularCommand,generated,compile-only,pinned-source,real SerialEM integration and per-command behavior pending,generated from MacroMasterList.h
800,CME_QUERYVIBRATIONMANAGER,SAME_NAME,external,QueryVibrationManager,QueryVibrationManager,,1,4,I,PSS_RegularCommand,generated,compile-only,pinned-source,real SerialEM integration and per-command behavior pending,generated from MacroMasterList.h
801,CME_VIBRATIONMANAGERREQUEST,SAME_NAME,external,VibrationManagerRequest,VibrationManagerRequest,,1,0,I,PSS_RegularCommand,generated,compile-only,pinned-source,real SerialEM integration and per-command behavior pending,generated from MacroMasterList.h
802,CME_REPORTCONVERGENCEANGLE,SAME_NAME,external,ReportConvergenceAngle,ReportConvergenceAngle,,0,0,,PSS_RegularCommand,generated,compile-only,pinned-source,real SerialEM integration and per-command behavior pending,generated from MacroMasterList.h
803,CME_REPORTSMALLESTHOLESHIFT,SAME_FUNC,external,ReportSmallestHoleShift,ReportSmallestHoleShift,GetItemHolesToAcquire,1,4,I,PSS_RegularCommand,generated,compile-only,pinned-source,real SerialEM integration and per-command behavior pending,generated from MacroMasterList.h
804,CME_GETMAPINDEXES,SAME_NAME,external,GetMapIndexes,GetMapIndexes,,1,0,S,PSS_RegularCommand,generated,compile-only,pinned-source,real SerialEM integration and per-command behavior pending,generated from MacroMasterList.h
805,CME_GETAPERTURESIZES,SAME_NAME,external,GetApertureSizes,GetApertureSizes,,2,0,IS,PSS_RegularCommand,generated,compile-only,pinned-source,real SerialEM integration and per-command behavior pending,generated from MacroMasterList.h
806,CME_GETLOWDOSEAREAPARAMS,SAME_NAME,external,GetLowDoseAreaParams,GetLowDoseAreaParams,,2,4,SS,PSS_RegularCommand,generated,compile-only,pinned-source,real SerialEM integration and per-command behavior pending,generated from MacroMasterList.h
807,CME_SETMULTIGRIDREFCOUNTS,SAME_NAME,external,SetMultiGridRefCounts,SetMultiGridRefCounts,,1,4,D,PSS_RegularCommand,generated,compile-only,pinned-source,real SerialEM integration and per-command behavior pending,generated from MacroMasterList.h
808,CME_FINDITEMWITHLABELORNOTE,SAME_NAME,external,FindItemWithLabelOrNote,FindItemWithLabelOrNote,,2,4,ISdd,PSS_RegularCommand,generated,compile-only,pinned-source,real SerialEM integration and per-command behavior pending,generated from MacroMasterList.h
809,CME_LISTIMAGINGSTATE,SAME_FUNC,external,ListImagingState,ListImagingState,ImagingStateProperties,1,4,S,PSS_RegularCommand,generated,compile-only,pinned-source,real SerialEM integration and per-command behavior pending,generated from MacroMasterList.h
810,CME_GETFOUNDHOLEPOSITIONS,SAME_NAME,external,GetFoundHolePositions,GetFoundHolePositions,,2,4,SS,PSS_RegularCommand,generated,compile-only,pinned-source,real SerialEM integration and per-command behavior pending,generated from MacroMasterList.h
811,CME_REPORTBEAMSIZEFROMCALIB,SAME_NAME,external,ReportBeamSizeFromCalib,ReportBeamSizeFromCalib,,0,4,,PSS_RegularCommand,generated,compile-only,pinned-source,real SerialEM integration and per-command behavior pending,generated from MacroMasterList.h
812,CME_SETBEAMSIZE,SAME_NAME,external,SetBeamSize,SetBeamSize,,1,4,D,PSS_RegularCommand,generated,compile-only,pinned-source,real SerialEM integration and per-command behavior pending,generated from MacroMasterList.h
813,CME_SETITEMIMSHIFTTARGETS,SAME_NAME,external,SetItemImShiftTargets,SetItemImShiftTargets,,5,4,IIISS,PSS_RegularCommand,generated,compile-only,pinned-source,real SerialEM integration and per-command behavior pending,generated from MacroMasterList.h
814,CME_ADJUSTIMSHIFTTARGETS,SAME_NAME,external,AdjustImShiftTargets,AdjustImShiftTargets,,1,4,Ii,PSS_RegularCommand,generated,compile-only,pinned-source,real SerialEM integration and per-command behavior pending,generated from MacroMasterList.h
815,CME_ALREADYINLOWDOSEAREA,SAME_NAME,external,AlreadyInLowDoseArea,AlreadyInLowDoseArea,,1,0,S,PSS_RegularCommand,generated,compile-only,pinned-source,real SerialEM integration and per-command behavior pending,generated from MacroMasterList.h
816,CME_FUNCSTAKEALLSTRINGARGS,SAME_NAME,external,FuncsTakeAllStringArgs,FuncsTakeAllStringArgs,,0,4,i,PSS_RegularCommand,generated,compile-only,pinned-source,real SerialEM integration and per-command behavior pending,generated from MacroMasterList.h
817,CME_CENTERHOLEATNAVITEM,SAME_NAME,external,CenterHoleAtNavItem,CenterHoleAtNavItem,,3,0,ISIddii,PSS_RegularCommand,generated,compile-only,pinned-source,real SerialEM integration and per-command behavior pending,generated from MacroMasterList.h
818,CME_GETDESERVERPROPERTY,SAME_NAME,external,GetDEServerProperty,GetDEServerProperty,,1,4,S,PSS_RegularCommand,generated,compile-only,pinned-source,real SerialEM integration and per-command behavior pending,generated from MacroMasterList.h
819,CME_SETDESERVERPROPERTY,SAME_NAME,external,SetDEServerProperty,SetDEServerProperty,,2,4,SS,PSS_RegularCommand,generated,compile-only,pinned-source,real SerialEM integration and per-command behavior pending,generated from MacroMasterList.h
820,CME_READNAVACQPARAMSET,SAME_FUNC,external,ReadNavAcqParamSet,ReadNavAcqParamSet,NavAcqAtEndUseParams,2,4,SS,PSS_RegularCommand,generated,compile-only,pinned-source,real SerialEM integration and per-command behavior pending,generated from MacroMasterList.h
821,CME_TOOLBARFILLCOLOR,SAME_FUNC,internal-only,ToolbarFillColor,,NoOperation,1,4,,,enum-only,parser-count,pinned-source,not externally callable,enum-only entry; retained for CME numbering
822,CME_TOOLBAROUTLINECOLOR,SAME_FUNC,internal-only,ToolbarOutlineColor,,NoOperation,1,4,,,enum-only,parser-count,pinned-source,not externally callable,enum-only entry; retained for CME numbering
823,CME_IMPOSETOOLBARCOLOR,SAME_NAME,external,ImposeToolbarColor,ImposeToolbarColor,,3,4,IISss,PSS_RegularCommand,generated,compile-only,pinned-source,real SerialEM integration and per-command behavior pending,generated from MacroMasterList.h
824,CME_SHOWSCOPECONTROLPANEL,SAME_NAME,external,ShowScopeControlPanel,ShowScopeControlPanel,,1,0,I,PSS_RegularCommand,generated,compile-only,pinned-source,real SerialEM integration and per-command behavior pending,generated from MacroMasterList.h
825,CME_READBASICMODEFILE,SAME_NAME,external,ReadBasicModeFile,ReadBasicModeFile,,2,0,S,PSS_RegularCommand,generated,compile-only,pinned-source,real SerialEM integration and per-command behavior pending,generated from MacroMasterList.h
826,CME_EXITPROGRAMATEND,SAME_NAME,external,ExitProgramAtEnd,ExitProgramAtEnd,,0,0,,PSS_RegularCommand,generated,compile-only,pinned-source,real SerialEM integration and per-command behavior pending,generated from MacroMasterList.h
827,CME_SKIPUTAPISERVICE,SAME_NAME,external,SkipUtapiService,SkipUtapiService,,2,4,II,PSS_RegularCommand,generated,compile-only,pinned-source,real SerialEM integration and per-command behavior pending,generated from MacroMasterList.h
828,CME_REPORTLONGOPERATIONS,SAME_NAME,external,ReportLongOperations,ReportLongOperations,,0,4,,PSS_RegularCommand,generated,compile-only,pinned-source,real SerialEM integration and per-command behavior pending,generated from MacroMasterList.h
829,CME_REPORTDOSEFRACPARAMS,SAME_NAME,external,ReportDoseFracParams,ReportDoseFracParams,,1,4,S,PSS_RegularCommand,generated,compile-only,pinned-source,real SerialEM integration and per-command behavior pending,generated from MacroMasterList.h
830,CME_REPORTMISCCAMERAPARAMS,SAME_NAME,external,ReportMiscCameraParams,ReportMiscCameraParams,,1,4,S,PSS_RegularCommand,generated,compile-only,pinned-source,real SerialEM integration and per-command behavior pending,generated from MacroMasterList.h
831,CME_GETCONTROLPANELSTATE,SAME_NAME,external,GetControlPanelState,GetControlPanelState,,1,4,I,PSS_RegularCommand,generated,compile-only,pinned-source,real SerialEM integration and per-command behavior pending,generated from MacroMasterList.h
832,CME_SETCONTROLPANELSTATE,SAME_FUNC,external,SetControlPanelState,SetControlPanelState,GetControlPanelState,2,4,II,PSS_RegularCommand,generated,compile-only,pinned-source,real SerialEM integration and per-command behavior pending,generated from MacroMasterList.h
833,CME_LISTADJUSTINGTRANSFORMS,SAME_NAME,external,ListAdjustingTransforms,ListAdjustingTransforms,,0,4,,PSS_RegularCommand,generated,compile-only,pinned-source,real SerialEM integration and per-command behavior pending,generated from MacroMasterList.h
834,CME_REPORTUTAPISERVICES,SAME_NAME,external,ReportUtapiServices,ReportUtapiServices,,0,4,i,PSS_RegularCommand,generated,compile-only,pinned-source,real SerialEM integration and per-command behavior pending,generated from MacroMasterList.h
835,CME_REPORTLOADEDSLOT,SAME_NAME,external,ReportLoadedSlot,ReportLoadedSlot,,0,4,,PSS_RegularCommand,generated,compile-only,pinned-source,real SerialEM integration and per-command behavior pending,generated from MacroMasterList.h
836,CME_COPYTOZOOMEDOVERVIEW,SAME_NAME,external,CopyToZoomedOverview,CopyToZoomedOverview,,2,0,SD,PSS_RegularCommand,generated,compile-only,pinned-source,real SerialEM integration and per-command behavior pending,generated from MacroMasterList.h
837,CME_SETZOOMEDOVERVIEWCENTER,SAME_NAME,external,SetZoomedOverviewCenter,SetZoomedOverviewCenter,,2,0,DD,PSS_RegularCommand,generated,compile-only,pinned-source,real SerialEM integration and per-command behavior pending,generated from MacroMasterList.h
838,CME_ASSESSPOLYGONMONTAGE,SAME_FUNC,external,AssessPolygonMontage,AssessPolygonMontage,SetupPolygonMontage,2,4,II,PSS_RegularCommand,generated,compile-only,pinned-source,real SerialEM integration and per-command behavior pending,generated from MacroMasterList.h
839,CME_GETALLLOWDOSEVALUES,SAME_NAME,external,GetAllLowDoseValues,GetAllLowDoseValues,,3,4,ISSssssssssssssssss,PSS_RegularCommand,generated,compile-only,pinned-source,real SerialEM integration and per-command behavior pending,generated from MacroMasterList.h
840,CME_GETALLCAMERASETVALUES,SAME_FUNC,external,GetAllCameraSetValues,GetAllCameraSetValues,GetAllLowDoseValues,3,4,ISSssssssssssssssss,PSS_RegularCommand,generated,compile-only,pinned-source,real SerialEM integration and per-command behavior pending,generated from MacroMasterList.h
841,CME_ADDTOFRAMESTACKMDOC,SAME_FUNC,external,AddToFrameStackMdoc,AddToFrameStackMdoc,AddToNextFrameStackMdoc,2,4,SS,PSS_RegularCommand,generated,compile-only,pinned-source,real SerialEM integration and per-command behavior pending,generated from MacroMasterList.h
842,CME_STARTFRAMESTACKMDOC,SAME_FUNC,external,StartFrameStackMdoc,StartFrameStackMdoc,AddToNextFrameStackMdoc,2,4,SS,PSS_RegularCommand,generated,compile-only,pinned-source,real SerialEM integration and per-command behavior pending,generated from MacroMasterList.h
special-1,,SPECIAL,special,ConnectToSEM,ConnectToSEM,,,,,client,implemented-core,unit/mock,pinned-source,real SerialEM integration remains pending,function: Initializes the socket client; default external endpoint is 127.0.0.1:48888
special-2,,SPECIAL,special,ScriptIsInitialized,ScriptIsInitialized,,,,,client,implemented-core,unit/mock,pinned-source,real SerialEM integration remains pending,function: Marks the client as an already initialized SerialEM script
special-3,,SPECIAL,special,ReturnAllValuesAsTuples,ReturnAllValuesAsTuples,,,,,local,implemented-core,unit/mock,pinned-source,real SerialEM integration remains pending,function: Controls whether regular command reports are always returned as tuples
special-4,,SPECIAL,special,ReportNumModuleFuncs,ReportNumModuleFuncs,,,,,local,implemented-core,unit/mock,pinned-source,real SerialEM integration remains pending,function: Reports the complete CME enum count (843 in the pinned baseline); external wrappers are tracked separately
special-5,,SPECIAL,special,SetBufferImageTimeout,SetBufferImageTimeout,,,,,local,implemented-core,unit/mock,pinned-source,real SerialEM integration remains pending,function: Sets the receive timeout used for large image transfers
special-6,,SPECIAL,special,PutImageInBuffer,PutImageInBuffer,,,,,PSS_PutImageInBuffer,implemented-core,unit/mock,pinned-source,real SerialEM integration remains pending,function: Sends raw image bytes and metadata to a SerialEM buffer
special-7,,SPECIAL,special,bufferImage,bufferImage,,,,,PSS_GetBufferImage/PSS_ChunkHandshake,implemented-core,unit/mock,pinned-source,real SerialEM integration remains pending,"type: Read-only image view with dimensions, row stride and format metadata"
special-8,,SPECIAL,special,SEMerror,SEMerror,,,,,local,implemented-core,unit/mock,pinned-source,real SerialEM integration remains pending,exception: SerialEM command error
special-9,,SPECIAL,special,SEMmoduleError,SEMmoduleError,,,,,local,implemented-core,unit/mock,pinned-source,real SerialEM integration remains pending,exception: Python module or protocol error
special-10,,SPECIAL,special,SEMexited,SEMexited,,,,,local,implemented-core,unit/mock,pinned-source,real SerialEM integration remains pending,exception: SerialEM process exited or disconnected
